family,direct_zone_count,early_zone_count,direct_zones
all,40,8,ancient-elven-ruins;ardhungol;arena;daikara;deep-bellow;demon-plane-spell;dreadfell;dreamscape-talent;eruan;gorbat-pride;grushnak-pride;high-peak;illusory-castle;infinite-dungeon;maze;norgos-lair;noxious-caldera;old-forest;rak-shor-pride;reknor;reknor-escape;rhaloren-camp;ring-of-blood;ruined-dungeon;ruins-kor-pul;scintillating-caves;shadow-crypt;tannen-tower;telmur;tempest-peak;temporal-reprieve-talent;test;town-zigur;trollmire;tutorial;tutorial-combat-stats;unremarkable-cave;valley-moon-caverns;vor-armoury;vor-pride
vermin,16,8,ancient-elven-ruins;blighted-ruins;illusory-castle;mark-spellblaze;maze;norgos-lair;noxious-caldera;old-forest;reknor-escape;rhaloren-camp;ritch-tunnels;ruins-kor-pul;sandworm-lair;scintillating-caves;trollmire;unremarkable-cave
bone-giant,13,0,arena;blighted-ruins;dreadfell;halfling-ruins;high-peak;infinite-dungeon;last-hope-graveyard;rak-shor-pride;ruined-dungeon;tannen-tower;telmur;vor-armoury;vor-pride
rodent,13,6,ancient-elven-ruins;blighted-ruins;deep-bellow;heart-gloom;illusory-castle;mark-spellblaze;maze;reknor-escape;rhaloren-camp;ruins-kor-pul;scintillating-caves;trollmire;unremarkable-cave
gwelgoroth,12,0,infinite-dungeon;mark-spellblaze;ruined-dungeon;tannen-tower;tempest-peak;town-derth;town-elvala;town-irkkk;town-iron-council;town-last-hope;town-point-zero;town-zigur
orc,12,0,dreadfell-ambush;dreams;eruan;gorbat-pride;grushnak-pride;high-peak;orc-breeding-pit;rak-shor-pride;reknor;reknor-escape;vor-armoury;vor-pride
skeleton,12,1,ancient-elven-ruins;blighted-ruins;dreadfell;halfling-ruins;high-peak;illusory-castle;last-hope-graveyard;rak-shor-pride;ruins-kor-pul;tannen-tower;telmur;unremarkable-cave
snake,11,6,illusory-castle;lake-nur;maze;norgos-lair;noxious-caldera;old-forest;reknor-escape;ruins-kor-pul;scintillating-caves;trollmire;unremarkable-cave
canine,8,6,daikara;heart-gloom;keepsake-meadow;maze;norgos-lair;noxious-caldera;old-forest;trollmire
faeros,8,1,charred-scar;daikara;infinite-dungeon;mark-spellblaze;noxious-caldera;ruined-dungeon;tannen-tower;town-zigur
ghoul,8,0,blighted-ruins;dreadfell;halfling-ruins;high-peak;last-hope-graveyard;rak-shor-pride;tannen-tower;telmur
jelly,7,2,conclave-vault;grushnak-pride;maze;ritch-tunnels;sandworm-lair;slime-tunnels;sludgenest
aquatic_critter,6,1,flooded-cave;lake-nur;murgol-lair;tannen-tower;temple-of-creation;trollmire
bear,6,5,heart-gloom;norgos-lair;noxious-caldera;old-forest;scintillating-caves;trollmire
ghost,6,0,demon-plane;dreadfell;high-peak;rak-shor-pride;tannen-tower;telmur
molds,6,2,ancient-elven-ruins;illusory-castle;reknor-escape;rhaloren-camp;ruins-kor-pul;unremarkable-cave
ooze,6,2,conclave-vault;grushnak-pride;maze;sandworm-lair;slime-tunnels;sludgenest
plant,6,4,heart-gloom;lake-nur;norgos-lair;noxious-caldera;old-forest;trollmire
elven-caster,5,1,crypt-kryl-feijan;mark-spellblaze;rhaloren-camp;town-zigur;tutorial-combat-stats
major-demon,5,0,crypt-kryl-feijan;demon-plane;high-peak;valley-moon;valley-moon-caverns
minor-demon,5,0,crypt-kryl-feijan;demon-plane;high-peak;valley-moon;valley-moon-caverns
ritch,5,0,arena;eruan;infinite-dungeon;ritch-tunnels;ruined-dungeon
aquatic_demon,4,0,flooded-cave;lake-nur;tannen-tower;temple-of-creation
fire-drake,4,1,charred-scar;daikara;gorbat-pride;high-peak
ant,3,2,maze;old-forest;ritch-tunnels
cold-drake,3,1,daikara;gorbat-pride;high-peak
crystal,3,2,arena;old-forest;scintillating-caves
horror,3,0,lake-nur;paradox-plane;shertul-fortress
horror-corrupted,3,1,arena;deep-bellow;maze
mummy,3,0,ancient-elven-ruins;infinite-dungeon;ruined-dungeon
orc-grushnak,3,0,grushnak-pride;high-peak;vor-armoury
orc-rak-shor,3,0,high-peak;rak-shor-pride;shadow-crypt
orc-vor,3,0,high-peak;vor-armoury;vor-pride
sandworm,3,1,briagh-lair;eruan;sandworm-lair
snow-giant,3,1,daikara;high-peak;tempest-peak
thieve,3,2,maze;ruins-kor-pul;thieves-tunnels
vampire,3,0,dreadfell;high-peak;last-hope-graveyard
elven-warrior,2,1,crypt-kryl-feijan;rhaloren-camp
feline,2,0,dreams;shertul-fortress
horror-undead,2,0,blighted-ruins;rak-shor-pride
horror_temporal,2,1,maze;temporal-rift
multihued-drake,2,0,gorbat-pride;high-peak
naga,2,0,high-peak;temple-of-creation
ogre,2,0,conclave-vault;crypt-kryl-feijan
orc-gorbat,2,0,gorbat-pride;high-peak
shertul,2,0,high-peak;shertul-fortress-caldizar
shivgoroth,2,1,infinite-dungeon;norgos-lair
storm-drake,2,0,gorbat-pride;tempest-peak
swarm,2,2,old-forest;trollmire
telugoroth,2,0,paradox-plane;temporal-rift
troll,2,1,reknor;trollmire
venom-drake,2,0,gorbat-pride;noxious-caldera
xorn,2,1,daikara;tempest-peak
yaech,2,0,murgol-lair;south-beach
ziguranth,2,0,arena;town-zigur
construct,1,0,golem-graveyard
fire_elemental,1,0,charred-scar
horror_aquatic,1,0,lake-nur
lich,1,0,last-hope-graveyard
losgoroth,1,0,abashed-expanse
minotaur,1,1,maze
mold,1,0,conclave-vault
molten_golem,1,0,charred-scar
shade,1,0,shadow-crypt
slime,1,0,conclave-vault
spider,1,0,ardhungol
sunwall-town,1,0,town-gates-of-morning
undead-rat,1,0,infinite-dungeon
wight,1,0,dreadfell
wild-drake,1,0,gorbat-pride
