kit,design_group,accepted_master_count,stage,acceptance_focus
G0,road,1,pattern,完整格位的压实泥纹；共享格边；不加宽
G0,deep-water,1,water,大面深度线；空气机制按Grid
G0,bog-water,1,water,浅宽波纹；灰度区别草和深水
G0,oak-pine-willow,3,transparent-props,原生alpha完整树；地面独立；同规则变体
G0,hardtree,1,obstacle,密闭树群；与pass_tree普通树不同
G0,troll-stew,1,low-obstacle,矮锅清楚挡移动但不伪装为视线墙
G1,floor-a-b,2,first-six,无暗示障碍的平面石地；两种轻变体
G1,wall-cap,1,first-six,格内厚边；连接端头及凹凸角
G1,hardwall,1,first-six,加固连续大面；不同于可挖墙
G1,closed-door,1,first-six,可见门扇；不得延伸占相邻通路
G1,open-door,1,first-six,敞开中缝可站立；实际点击和FOV一致
G1,sealed-door,1,second-four,可辨封闭构造；原生确认提示保留
G1,stairs-up,1,second-four,向上台阶；可站立交互格
G1,stairs-down,1,second-four,向下开口；和普通裂隙区别
G1,wall-side-material,1,second-four,统一短侧面材质；不旋转烘焙光影
shared,exit-symbol-family,0,geometric-ui,上层/下层/世界地图/特殊通路；非ImageGen母版计数
G2,natural-cave-kit,6-8,after-grid-audit,两洞地/两岩壁/柱/平面碎石；可选入口和晶体岩
G3,snow-mountain-kit,7-9,after-grid-audit,雪岩/薄雪/地面/树/通路；暖色棋子仍清楚
G4,sand-cave-kit,7-9,dynamic-grid-first,稳定与临时沙道及坍塌；掘洞/空气/记忆区
G1-variant,collapsed-maze-crack,1,P8-both-layouts,独立裂隙交互格；保留Jump/Stay跳层确认；区别碎石/楼梯
G3-variant,volcanic-ground,1,P9-both-layouts,火山岩地；共用格线与短阴影；不暗示未经核实的伤害
G3-variant,lava-floor,1,P9-both-layouts,火山岩浆面；读取Daikara已清除on_stand的实际Grid；规则不照搬别区
G0-variant,flooded-terrain-contract,0,P2-both-layouts,复用G0水/透明树母版；BOGTREE/BOGWATER_MISC及邻接和记忆另验收
G2-variant,gloom-dream-material-contract,TBD,P4-both-layouts,两版地板/墙面材质和fullgloom/fulldream；增量母版依Grid与可复用母版核定
shared-variant,conditional-room-grids,TBD,per-paired-phase,按21个显式房间模板核对特殊格；毒水/悬崖/嵌套出口不算普通装饰
