native_name,define_as,source,source_line,declared_min_level,native_tall,shader,zone_layouts,paired_phase,role,baseline_state,priority,generation_note,design
assassin,THIEF_ASSASSIN,game/modules/tome/data/general/npcs/thieve.lua,140,12,no,,ruins-kor-pul:HIDEOUT;maze:DEFAULT;maze:COLLAPSED,P1/P8,family-member,new-proposed,paired-scene,原生解析后确定生成／显示资格；不按导入或最低等级推算遭遇概率,姿态／武器布局区分，保留真实潜行；固定职业造型，不实施换装
bandit,THIEF_BANDIT,game/modules/tome/data/general/npcs/thieve.lua,99,5,no,,ruins-kor-pul:HIDEOUT;maze:DEFAULT;maze:COLLAPSED,P1/P8,family-member,already-planned-M4,paired-scene,原生解析后确定生成／显示资格；不按导入或最低等级推算遭遇概率,姿态／武器布局区分，保留真实潜行；固定职业造型，不实施换装
bandit lord,,game/modules/tome/data/general/npcs/thieve.lua,113,8,no,,ruins-kor-pul:HIDEOUT;maze:DEFAULT;maze:COLLAPSED,P1/P8,family-member,new-proposed,paired-scene,原生解析后确定生成／显示资格；不按导入或最低等级推算遭遇概率,姿态／武器布局区分，保留真实潜行；固定职业造型，不实施换装
cutpurse,,game/modules/tome/data/general/npcs/thieve.lua,63,1,no,,ruins-kor-pul:HIDEOUT;maze:DEFAULT;maze:COLLAPSED,P1/P8,family-member,already-planned-M4,paired-scene,原生解析后确定生成／显示资格；不按导入或最低等级推算遭遇概率,姿态／武器布局区分，保留真实潜行；固定职业造型，不实施换装
rogue,,game/modules/tome/data/general/npcs/thieve.lua,73,2,no,,ruins-kor-pul:HIDEOUT;maze:DEFAULT;maze:COLLAPSED,P1/P8,family-member,already-planned-M4,paired-scene,原生解析后确定生成／显示资格；不按导入或最低等级推算遭遇概率,姿态／武器布局区分，保留真实潜行；固定职业造型，不实施换装
rogue sapper,THIEF_SAPPER,game/modules/tome/data/general/npcs/thieve.lua,191,12,no,,ruins-kor-pul:HIDEOUT;maze:DEFAULT;maze:COLLAPSED,P1/P8,family-member,new-proposed,paired-scene,原生解析后确定生成／显示资格；不按导入或最低等级推算遭遇概率,姿态／武器布局区分，保留真实潜行；固定职业造型，不实施换装
shadowblade,THIEF_ASSASSIN,game/modules/tome/data/general/npcs/thieve.lua,163,14,no,,ruins-kor-pul:HIDEOUT;maze:DEFAULT;maze:COLLAPSED,P1/P8,family-member,new-proposed,paired-scene,原生解析后确定生成／显示资格；不按导入或最低等级推算遭遇概率,姿态／武器布局区分，保留真实潜行；固定职业造型，不实施换装
thief,,game/modules/tome/data/general/npcs/thieve.lua,83,3,no,,ruins-kor-pul:HIDEOUT;maze:DEFAULT;maze:COLLAPSED,P1/P8,family-member,already-planned-M4,paired-scene,原生解析后确定生成／显示资格；不按导入或最低等级推算遭遇概率,姿态／武器布局区分，保留真实潜行；固定职业造型，不实施换装
The Possessed,THE_POSSESSED,game/modules/tome/data/zones/ruins-kor-pul/npcs.lua,95,7,yes,,ruins-kor-pul:HIDEOUT,P1,main-guardian,new-proposed,paired-scene,原生解析后确定生成／显示资格；不按导入或最低等级推算遭遇概率,独特身份单独画；与另一变体首领至少两项形状差异；沿用运行时等级角标
The Shade,SHADE,game/modules/tome/data/zones/ruins-kor-pul/npcs.lua,44,7,no,unique_glow,ruins-kor-pul:DEFAULT,P1,main-guardian,new-proposed,paired-scene,原生解析后确定生成／显示资格；不按导入或最低等级推算遭遇概率,独特身份单独画；与另一变体首领至少两项形状差异；沿用运行时等级角标
ancient dragon turtle,,game/modules/tome/data/general/npcs/aquatic_critter.lua,77,20,yes,,trollmire:FLOODED,P2,family-member,new-proposed,conditional-generation,原生解析后确定生成／显示资格；不按导入或最低等级推算遭遇概率,鳗鱼姿态与龟壳剪影；电鳗不能只靠电光区分；高阶龟保留高图验证
dragon turtle,,game/modules/tome/data/general/npcs/aquatic_critter.lua,67,1,no,,trollmire:FLOODED,P2,family-member,existing-25,paired-scene,原生解析后确定生成／显示资格；不按导入或最低等级推算遭遇概率,鳗鱼姿态与龟壳剪影；电鳗不能只靠电光区分；高阶龟保留高图验证
electric eel,,game/modules/tome/data/general/npcs/aquatic_critter.lua,52,1,no,,trollmire:FLOODED,P2,family-member,new-proposed,paired-scene,原生解析后确定生成／显示资格；不按导入或最低等级推算遭遇概率,鳗鱼姿态与龟壳剪影；电鳗不能只靠电光区分；高阶龟保留高图验证
giant eel,,game/modules/tome/data/general/npcs/aquatic_critter.lua,45,1,no,,trollmire:FLOODED,P2,family-member,existing-25,paired-scene,原生解析后确定生成／显示资格；不按导入或最低等级推算遭遇概率,鳗鱼姿态与龟壳剪影；电鳗不能只靠电光区分；高阶龟保留高图验证
ink squid,,game/modules/tome/data/general/npcs/aquatic_critter.lua,100,1,no,,trollmire:FLOODED,P2,family-member,new-proposed,excluded-local-import,Trollmire水生导入明确清除squid的rarity；不计本变体新增目标；all.lua高等级补充不在本断言内,鳗鱼姿态与龟壳剪影；电鳗不能只靠电光区分；高阶龟保留高图验证
squid,,game/modules/tome/data/general/npcs/aquatic_critter.lua,91,1,no,,trollmire:FLOODED,P2,family-member,new-proposed,excluded-local-import,Trollmire水生导入明确清除squid的rarity；不计本变体新增目标；all.lua高等级补充不在本断言内,鳗鱼姿态与龟壳剪影；电鳗不能只靠电光区分；高阶龟保留高图验证
Prox the Mighty,TROLL_PROX,game/modules/tome/data/zones/trollmire/npcs.lua,49,7,yes,,trollmire:DEFAULT,P2,main-guardian,existing-25,paired-scene,原生解析后确定生成／显示资格；不按导入或最低等级推算遭遇概率,独特身份单独画；与另一变体首领至少两项形状差异；沿用运行时等级角标
Shax the Slimy,TROLL_SHAX,game/modules/tome/data/zones/trollmire/npcs.lua,115,7,yes,,trollmire:FLOODED,P2,main-guardian,new-proposed,paired-scene,原生解析后确定生成／显示资格；不按导入或最低等级推算遭遇概率,独特身份单独画；与另一变体首领至少两项形状差异；沿用运行时等级角标
Bill the Stone Troll,TROLL_BILL,game/modules/tome/data/zones/trollmire/npcs.lua,182,7,yes,,trollmire:DEFAULT;trollmire:FLOODED,P2,shared-optional-guardian,existing-25,paired-scene,原生解析后确定生成／显示资格；不按导入或最低等级推算遭遇概率,复用现有Bill，宝藏支线单独验收
greater shivgoroth,,game/modules/tome/data/general/npcs/shivgoroth.lua,72,12,yes,,norgos-lair:INVADED,P3,family-member,new-proposed,paired-scene,Norgos INVADED回调：level_range[1]与start_level减9；声明下限12→3；普通高图接入前置,三档冰体的臂长／晶冠／躯干比例不同；不用敌我蓝环或护盾白环承担身份
shivgoroth,,game/modules/tome/data/general/npcs/shivgoroth.lua,57,10,yes,,norgos-lair:INVADED,P3,family-member,new-proposed,paired-scene,Norgos INVADED回调：level_range[1]与start_level减9；声明下限10→1；普通高图接入前置,三档冰体的臂长／晶冠／躯干比例不同；不用敌我蓝环或护盾白环承担身份
ultimate shivgoroth,,game/modules/tome/data/general/npcs/shivgoroth.lua,89,15,yes,,norgos-lair:INVADED,P3,family-member,new-proposed,paired-scene,Norgos INVADED回调：level_range[1]与start_level减9；声明下限15→6；普通高图接入前置,三档冰体的臂长／晶冠／躯干比例不同；不用敌我蓝环或护盾白环承担身份
"Norgos, the Frozen",FROZEN_NORGOS,game/modules/tome/data/zones/norgos-lair/npcs.lua,51,7,yes,,norgos-lair:INVADED,P3,main-guardian,new-proposed,paired-scene,原生解析后确定生成／显示资格；不按导入或最低等级推算遭遇概率,独特身份单独画；与另一变体首领至少两项形状差异；沿用运行时等级角标
"Norgos, the Guardian",NORGOS,game/modules/tome/data/zones/norgos-lair/npcs.lua,96,7,yes,,norgos-lair:DEFAULT,P3,main-guardian,new-proposed,paired-scene,原生解析后确定生成／显示资格；不按导入或最低等级推算遭遇概率,独特身份单独画；与另一变体首领至少两项形状差异；沿用运行时等级角标
The Dreaming One,DREAMING_ONE,game/modules/tome/data/zones/heart-gloom/npcs.lua,108,7,no,,heart-gloom:PURIFIED,P4,main-guardian,new-proposed,paired-scene,原生解析后确定生成／显示资格；不按导入或最低等级推算遭遇概率,独特身份单独画；与另一变体首领至少两项形状差异；沿用运行时等级角标
The Withering Thing,WITHERING_THING,game/modules/tome/data/zones/heart-gloom/npcs.lua,61,7,no,,heart-gloom:DEFAULT,P4,main-guardian,new-proposed,paired-scene,原生解析后确定生成／显示资格；不按导入或最低等级推算遭遇概率,独特身份单独画；与另一变体首领至少两项形状差异；沿用运行时等级角标
shadow,,game/modules/tome/data/talents/cursed/shadows.lua,185,dynamic,no,,heart-gloom:DEFAULT,P4,skill-summon,new-proposed,summoned-actor,Withering Thing的Call Shadows动态NPC；记录技能来源和召唤者，保留消失／重生／死亡行为,虚影保留通透及外形，不画成被动阴影；消失、重生与受击需要实机验证
black crystal,,game/modules/tome/data/general/npcs/crystal.lua,120,3,no,,scintillating-caves:DEFAULT;scintillating-caves:TWISTED;old-forest:CRYSTALINE,P5/P7,family-member,already-planned-M3,paired-scene,原生解析后确定生成／显示资格；不按导入或最低等级推算遭遇概率,主晶柱构型和宽面明度区分；高阶quad_hue及wisp召唤另层验收
blue crystal,,game/modules/tome/data/general/npcs/crystal.lua,142,3,no,,scintillating-caves:DEFAULT;scintillating-caves:TWISTED;old-forest:CRYSTALINE,P5/P7,family-member,already-planned-M3,paired-scene,原生解析后确定生成／显示资格；不按导入或最低等级推算遭遇概率,主晶柱构型和宽面明度区分；高阶quad_hue及wisp召唤另层验收
crimson crystal,,game/modules/tome/data/general/npcs/crystal.lua,131,3,no,,scintillating-caves:DEFAULT;scintillating-caves:TWISTED;old-forest:CRYSTALINE,P5/P7,family-member,new-proposed,paired-scene,原生解析后确定生成／显示资格；不按导入或最低等级推算遭遇概率,主晶柱构型和宽面明度区分；高阶quad_hue及wisp召唤另层验收
multi-hued crystal,,game/modules/tome/data/general/npcs/crystal.lua,153,10,no,quad_hue,scintillating-caves:DEFAULT;scintillating-caves:TWISTED;old-forest:CRYSTALINE,P5/P7,family-member,new-proposed,paired-scene,原生解析后确定生成／显示资格；不按导入或最低等级推算遭遇概率,主晶柱构型和宽面明度区分；高阶quad_hue及wisp召唤另层验收
red crystal,,game/modules/tome/data/general/npcs/crystal.lua,97,1,no,,scintillating-caves:DEFAULT;scintillating-caves:TWISTED;old-forest:CRYSTALINE,P5/P7,family-member,already-planned-M3,paired-scene,原生解析后确定生成／显示资格；不按导入或最低等级推算遭遇概率,主晶柱构型和宽面明度区分；高阶quad_hue及wisp召唤另层验收
shimmering crystal,,game/modules/tome/data/general/npcs/crystal.lua,168,10,no,quad_hue,scintillating-caves:DEFAULT;scintillating-caves:TWISTED;old-forest:CRYSTALINE,P5/P7,family-member,new-proposed,paired-scene,原生解析后确定生成／显示资格；不按导入或最低等级推算遭遇概率,主晶柱构型和宽面明度区分；高阶quad_hue及wisp召唤另层验收
white crystal,,game/modules/tome/data/general/npcs/crystal.lua,109,1,no,,scintillating-caves:DEFAULT;scintillating-caves:TWISTED;old-forest:CRYSTALINE,P5/P7,family-member,already-planned-M3,paired-scene,原生解析后确定生成／显示资格；不按导入或最低等级推算遭遇概率,主晶柱构型和宽面明度区分；高阶quad_hue及wisp召唤另层验收
wisp,,game/modules/tome/data/general/npcs/crystal.lua,61,1,no,,scintillating-caves:DEFAULT;scintillating-caves:TWISTED;old-forest:CRYSTALINE,P5/P7,family-member,new-proposed,summoned-actor,rarity=false；shimmering crystal通过rarity_summoned_crystal召唤，不能因非随机掉表漏掉,主晶柱构型和宽面明度区分；高阶quad_hue及wisp召唤另层验收
Spellblaze Crystal,SPELLBLAZE_CRYSTAL,game/modules/tome/data/zones/scintillating-caves/npcs.lua,33,7,no,,scintillating-caves:DEFAULT;scintillating-caves:TWISTED,P5,main-guardian,new-proposed,paired-scene,原生解析后确定生成／显示资格；不按导入或最低等级推算遭遇概率,独特身份单独画；与另一变体首领至少两项形状差异；沿用运行时等级角标
Rhaloren Inquisitor,INQUISITOR,game/modules/tome/data/zones/rhaloren-camp/npcs.lua,33,7,no,,rhaloren-camp:DEFAULT;rhaloren-camp:OVERGROUND,P6,main-guardian,new-proposed,paired-scene,原生解析后确定生成／显示资格；不按导入或最低等级推算遭遇概率,独特身份单独画；与另一变体首领至少两项形状差异；沿用运行时等级角标
Shardskin,SHARDSKIN,game/modules/tome/data/zones/old-forest/npcs.lua,46,12,no,,old-forest:CRYSTALINE,P7,main-guardian,new-proposed,paired-scene,原生解析后确定生成／显示资格；不按导入或最低等级推算遭遇概率,独特身份单独画；与另一变体首领至少两项形状差异；沿用运行时等级角标
Wrathroot,WRATHROOT,game/modules/tome/data/zones/old-forest/npcs.lua,96,12,yes,,old-forest:DEFAULT,P7,main-guardian,new-proposed,paired-scene,原生解析后确定生成／显示资格；不按导入或最低等级推算遭遇概率,独特身份单独画；与另一变体首领至少两项形状差异；沿用运行时等级角标
brecklorn,,game/modules/tome/data/general/npcs/horror-corrupted.lua,161,1,no,,maze:COLLAPSED,P8,family-member,new-proposed,paired-scene,原生解析后确定生成／显示资格；不按导入或最低等级推算遭遇概率,小型人形／巨臂／领队、翼形与长蛞蝓分组；暗体保留大面轮廓光
dredge,,game/modules/tome/data/general/npcs/horror_temporal.lua,73,15,no,,maze:COLLAPSED,P8,family-member,new-proposed,paired-scene,原生解析后确定生成／显示资格；不按导入或最低等级推算遭遇概率,幼体／成体／队长与爬行／虚空轮廓分开；高阶先确认实际生成条件
dredge captain,,game/modules/tome/data/general/npcs/horror_temporal.lua,101,20,no,,maze:COLLAPSED,P8,family-member,new-proposed,conditional-generation,原生解析后确定生成／显示资格；不按导入或最低等级推算遭遇概率,幼体／成体／队长与爬行／虚空轮廓分开；高阶先确认实际生成条件
dredgling,,game/modules/tome/data/general/npcs/horror_temporal.lua,50,10,no,,maze:COLLAPSED,P8,family-member,new-proposed,paired-scene,原生解析后确定生成／显示资格；不按导入或最低等级推算遭遇概率,幼体／成体／队长与爬行／虚空轮廓分开；高阶先确认实际生成条件
drem,,game/modules/tome/data/general/npcs/horror-corrupted.lua,46,1,no,,maze:COLLAPSED,P8,family-member,new-proposed,paired-scene,原生解析后确定生成／显示资格；不按导入或最低等级推算遭遇概率,小型人形／巨臂／领队、翼形与长蛞蝓分组；暗体保留大面轮廓光
drem master,,game/modules/tome/data/general/npcs/horror-corrupted.lua,118,3,no,,maze:COLLAPSED,P8,family-member,new-proposed,paired-scene,原生解析后确定生成／显示资格；不按导入或最低等级推算遭遇概率,小型人形／巨臂／领队、翼形与长蛞蝓分组；暗体保留大面轮廓光
dremling,,game/modules/tome/data/general/npcs/horror-corrupted.lua,81,3,yes,,maze:COLLAPSED,P8,family-member,new-proposed,paired-scene,原生解析后确定生成／显示资格；不按导入或最低等级推算遭遇概率,小型人形／巨臂／领队、翼形与长蛞蝓分组；暗体保留大面轮廓光
grannor'vin,,game/modules/tome/data/general/npcs/horror-corrupted.lua,217,2,no,,maze:COLLAPSED,P8,family-member,new-proposed,paired-scene,原生解析后确定生成／显示资格；不按导入或最低等级推算遭遇概率,小型人形／巨臂／领队、翼形与长蛞蝓分组；暗体保留大面轮廓光
grannor'vor,,game/modules/tome/data/general/npcs/horror-corrupted.lua,189,2,no,,maze:COLLAPSED,P8,family-member,new-proposed,paired-scene,原生解析后确定生成／显示资格；不按导入或最低等级推算遭遇概率,小型人形／巨臂／领队、翼形与长蛞蝓分组；暗体保留大面轮廓光
temporal stalker,,game/modules/tome/data/general/npcs/horror_temporal.lua,132,20,yes,,maze:COLLAPSED,P8,family-member,new-proposed,conditional-generation,原生解析后确定生成／显示资格；不按导入或最低等级推算遭遇概率,幼体／成体／队长与爬行／虚空轮廓分开；高阶先确认实际生成条件
void horror,,game/modules/tome/data/general/npcs/horror_temporal.lua,162,20,no,,maze:COLLAPSED,P8,family-member,new-proposed,conditional-generation,原生解析后确定生成／显示资格；不按导入或最低等级推算遭遇概率,幼体／成体／队长与爬行／虚空轮廓分开；高阶先确认实际生成条件
Horned Horror,HORNED_HORROR,game/modules/tome/data/zones/maze/npcs.lua,50,12,yes,,maze:COLLAPSED,P8,main-guardian,new-proposed,paired-scene,原生解析后确定生成／显示资格；不按导入或最低等级推算遭遇概率,独特身份单独画；与另一变体首领至少两项形状差异；沿用运行时等级角标
Minotaur of the Labyrinth,MINOTAUR_MAZE,game/modules/tome/data/zones/maze/npcs.lua,104,12,yes,,maze:DEFAULT,P8,main-guardian,new-proposed,paired-scene,原生解析后确定生成／显示资格；不按导入或最低等级推算遭遇概率,独特身份单独画；与另一变体首领至少两项形状差异；沿用运行时等级角标
Harkor'Zun,FULL_HARKOR_ZUN,game/modules/tome/data/general/npcs/xorn.lua,168,23,yes,,daikara:DEFAULT;daikara:VOLCANO,P9,family-member,new-proposed,conditional-event,两版共享的低频／合体事件，独立于主线两种首领；实机确认触发与合体来源,两版共用；多肢／甲壳与地面岩石区分；特殊合体事件另验收
The Fragmented Essence of Harkor'Zun,,game/modules/tome/data/general/npcs/xorn.lua,93,17,yes,,daikara:DEFAULT;daikara:VOLCANO,P9,family-member,new-proposed,conditional-event,两版共享的低频／合体事件，独立于主线两种首领；实机确认触发与合体来源,两版共用；多肢／甲壳与地面岩石区分；特殊合体事件另验收
cold drake,NPC_COLD_DRAKE,game/modules/tome/data/general/npcs/cold-drake.lua,66,14,no,,daikara:DEFAULT,P9,family-member,new-proposed,paired-scene,原生解析后确定生成／显示资格；不按导入或最低等级推算遭遇概率,与火龙成对设计；幼体不等于成年缩小
cold drake hatchling,,game/modules/tome/data/general/npcs/cold-drake.lua,47,8,no,,daikara:DEFAULT,P9,family-member,already-planned-M5,paired-scene,原生解析后确定生成／显示资格；不按导入或最低等级推算遭遇概率,与火龙成对设计；幼体不等于成年缩小
faeros,,game/modules/tome/data/general/npcs/faeros.lua,57,20,no,,daikara:VOLCANO,P9,family-member,new-proposed,conditional-generation,原生解析后确定生成／显示资格；不按导入或最低等级推算遭遇概率,三档火元素的核心与外形不同；发光不侵占阵营和生命环
fire drake,,game/modules/tome/data/general/npcs/fire-drake.lua,63,14,no,,daikara:VOLCANO,P9,family-member,new-proposed,paired-scene,原生解析后确定生成／显示资格；不按导入或最低等级推算遭遇概率,火幼龙／成年／古龙与冰系有姿态和翼角差异；不只换红色
fire drake hatchling,FIRE_DRAKE_HATCHLING,game/modules/tome/data/general/npcs/fire-drake.lua,47,8,no,,daikara:VOLCANO,P9,family-member,new-proposed,paired-scene,原生解析后确定生成／显示资格；不按导入或最低等级推算遭遇概率,火幼龙／成年／古龙与冰系有姿态和翼角差异；不只换红色
fire wyrm,,game/modules/tome/data/general/npcs/fire-drake.lua,85,25,yes,,daikara:VOLCANO,P9,family-member,new-proposed,conditional-generation,原生解析后确定生成／显示资格；不按导入或最低等级推算遭遇概率,火幼龙／成年／古龙与冰系有姿态和翼角差异；不只换红色
greater faeros,,game/modules/tome/data/general/npcs/faeros.lua,71,25,no,,daikara:VOLCANO,P9,family-member,new-proposed,conditional-generation,原生解析后确定生成／显示资格；不按导入或最低等级推算遭遇概率,三档火元素的核心与外形不同；发光不侵占阵营和生命环
ice wyrm,,game/modules/tome/data/general/npcs/cold-drake.lua,90,25,yes,,daikara:DEFAULT,P9,family-member,new-proposed,conditional-generation,原生解析后确定生成／显示资格；不按导入或最低等级推算遭遇概率,与火龙成对设计；幼体不等于成年缩小
ultimate faeros,,game/modules/tome/data/general/npcs/faeros.lua,87,35,yes,,daikara:VOLCANO,P9,family-member,new-proposed,conditional-generation,原生解析后确定生成／显示资格；不按导入或最低等级推算遭遇概率,三档火元素的核心与外形不同；发光不侵占阵营和生命环
umber hulk,,game/modules/tome/data/general/npcs/xorn.lua,60,10,no,,daikara:DEFAULT;daikara:VOLCANO,P9,family-member,new-proposed,paired-scene,原生解析后确定生成／显示资格；不按导入或最低等级推算遭遇概率,两版共用；多肢／甲壳与地面岩石区分；特殊合体事件另验收
xaren,,game/modules/tome/data/general/npcs/xorn.lua,82,15,no,,daikara:DEFAULT;daikara:VOLCANO,P9,family-member,new-proposed,paired-scene,原生解析后确定生成／显示资格；不按导入或最低等级推算遭遇概率,两版共用；多肢／甲壳与地面岩石区分；特殊合体事件另验收
xorn,,game/modules/tome/data/general/npcs/xorn.lua,71,15,no,,daikara:DEFAULT;daikara:VOLCANO,P9,family-member,new-proposed,paired-scene,原生解析后确定生成／显示资格；不按导入或最低等级推算遭遇概率,两版共用；多肢／甲壳与地面岩石区分；特殊合体事件另验收
Rantha the Worm,RANTHA_THE_WORM,game/modules/tome/data/zones/daikara/npcs.lua,37,12,yes,,daikara:DEFAULT,P9,main-guardian,new-proposed,paired-scene,原生解析后确定生成／显示资格；不按导入或最低等级推算遭遇概率,独特身份单独画；与另一变体首领至少两项形状差异；沿用运行时等级角标
Varsha the Writhing,VARSHA_THE_WRITHING,game/modules/tome/data/zones/daikara/npcs.lua,99,12,yes,,daikara:VOLCANO,P9,main-guardian,new-proposed,paired-scene,原生解析后确定生成／显示资格；不按导入或最低等级推算遭遇概率,独特身份单独画；与另一变体首领至少两项形状差异；沿用运行时等级角标
Sandworm Queen,SANDWORM_QUEEN,game/modules/tome/data/zones/sandworm-lair/npcs.lua,87,15,yes,,sandworm-lair:BIGWORM;sandworm-lair:DEFAULT,P10,main-guardian,new-proposed,paired-scene,原生解析后确定生成／显示资格；不按导入或最低等级推算遭遇概率,独特身份单独画；与另一变体首领至少两项形状差异；沿用运行时等级角标
huge sandworm burrower,SANDWORM_TUNNELER_HUGE,game/modules/tome/data/zones/sandworm-lair/npcs.lua,59,12,yes,,sandworm-lair:BIGWORM,P10,navigation-actor,already-planned-M5,paired-scene,原生解析后确定生成／显示资格；不按导入或最低等级推算遭遇概率,复用原M5计划；首层巨大掘洞虫2×2显示不等于四格碰撞
sandworm burrower,SANDWORM_TUNNELER,game/modules/tome/data/zones/sandworm-lair/npcs.lua,34,12,no,,sandworm-lair:DEFAULT;sandworm-lair:BIGWORM,P10,navigation-actor,already-planned-M5,paired-scene,原生解析后确定生成／显示资格；不按导入或最低等级推算遭遇概率,复用原M5计划；普通引路掘洞虫与坍塌时序
