room,zone_layouts,source,requirements,status
amon-sul-crypt,rhaloren-camp:DEFAULT;rhaloren-camp:OVERGROUND;ruins-kor-pul:DEFAULT;ruins-kor-pul:HIDEOUT;scintillating-caves:TWISTED,game/modules/tome/data/maps/vaults/amon-sul-crypt.lua,skeleton warrior／armoured skeleton warrior；mage／magus；archer／master archer；ghoul／ghast四分支,conditional-room-resolve-before-art
bandit-fortress,old-forest:CRYSTALINE;old-forest:DEFAULT,game/modules/tome/data/maps/vaults/bandit-fortress.lua,盗贼池、bandit lord和随机改名Guard；嵌套区域另记覆盖，保留createRandomBoss来源,conditional-room-resolve-before-art
circle,rhaloren-camp:DEFAULT;rhaloren-camp:OVERGROUND;ruins-kor-pul:DEFAULT;ruins-kor-pul:HIDEOUT,game/modules/tome/data/maps/vaults/auto/lesser/circle.lua,使用当前怪物表并add_levels=17/20的无名过滤；实际解析清单单列，不猜固定物种,conditional-room-resolve-before-art
collapsed-tower,rhaloren-camp:OVERGROUND;trollmire:DEFAULT;trollmire:FLOODED,game/modules/tome/data/maps/vaults/collapsed-tower.lua,broken golem、poison ivy、venus flytrap、skeleton mage、black bear、程序构造elemental crystal炮塔；嵌套盗贼区域,conditional-room-resolve-before-art
crystal-cabal,ruins-kor-pul:DEFAULT;ruins-kor-pul:HIDEOUT;scintillating-caves:TWISTED,game/modules/tome/data/maps/vaults/auto/lesser/crystal-cabal.lua,晶体subtype过滤与add_levels=4；含高阶quad_hue的生成需核对,conditional-room-resolve-before-art
forest-ruined-building1,trollmire:DEFAULT;trollmire:FLOODED,game/modules/tome/data/maps/vaults/forest-ruined-building1.lua,mob/moblet分支：盗贼、骷髅、尸鬼及其护卫；复用身份不复用不同物种的画,conditional-room-resolve-before-art
forest-ruined-building2,trollmire:DEFAULT;trollmire:FLOODED,game/modules/tome/data/maps/vaults/forest-ruined-building2.lua,honey tree、venus flytrap、brown bear的gloomy/wet等房间改名；water imp；需独立可信来源记录,conditional-room-resolve-before-art
forest-ruined-building3,trollmire:DEFAULT;trollmire:FLOODED,game/modules/tome/data/maps/vaults/forest-ruined-building3.lua,原生mobs随机池、密室残缺骷髅；实际生成前展开选择表，未知身份保留原生,conditional-room-resolve-before-art
honey_glade,old-forest:CRYSTALINE;old-forest:DEFAULT;trollmire:DEFAULT;trollmire:FLOODED,game/modules/tome/data/maps/vaults/honey_glade.lua,honey tree及蜂群召唤、grizzly bear；低级地城房间有add_levels，不按基础区域上限排除,conditional-room-resolve-before-art
loot-vault,old-forest:CRYSTALINE;old-forest:DEFAULT,game/modules/tome/data/maps/vaults/auto/lesser/loot-vault.lua,条件forest wight或空房；不把每次抽到空房当作怪物验证通过,conditional-room-resolve-before-art
mage-hideout,old-forest:CRYSTALINE;old-forest:DEFAULT;trollmire:DEFAULT;trollmire:FLOODED,game/modules/tome/data/maps/vaults/auto/lesser/mage-hideout.lua,原生mobs随机池含多类施法者；等级<=20房间条件；不能把全池画成同一法师,conditional-room-resolve-before-art
mold-path,old-forest:CRYSTALINE;old-forest:DEFAULT,game/modules/tome/data/maps/vaults/mold-path.lua,molds／oozes过滤群；POISON_DEEP_WATER、矮障碍和复制行为,conditional-room-resolve-before-art
perilous-cliffs,daikara:DEFAULT;daikara:VOLCANO,game/modules/tome/data/maps/vaults/auto/lesser/perilous-cliffs.lua,snow giant thunderer、boulder thrower；高等级偏移与CLIFFSIDE地形,conditional-room-resolve-before-art
plantlife,old-forest:CRYSTALINE;old-forest:DEFAULT,game/modules/tome/data/maps/vaults/plantlife.lua,poison ivy、treant；圆盘演员与TREE地形构件必须区别,conditional-room-resolve-before-art
rat-nest,rhaloren-camp:DEFAULT;ruins-kor-pul:DEFAULT;ruins-kor-pul:HIDEOUT,game/modules/tome/data/maps/vaults/auto/lesser/rat-nest.lua,giant white／brown／grey rat与molds；等级<=6且rodent已加载才允许,conditional-room-resolve-before-art
skeleton-mage-cabal,rhaloren-camp:DEFAULT;rhaloren-camp:OVERGROUND;ruins-kor-pul:DEFAULT;ruins-kor-pul:HIDEOUT;scintillating-caves:TWISTED,game/modules/tome/data/maps/vaults/auto/lesser/skeleton-mage-cabal.lua,skeleton mage、skeleton warrior、skeleton archer、thief、bloated horror随机选一；并非只有法师,conditional-room-resolve-before-art
snake-pit,ruins-kor-pul:DEFAULT;ruins-kor-pul:HIDEOUT;scintillating-caves:TWISTED;trollmire:DEFAULT;trollmire:FLOODED,game/modules/tome/data/maps/vaults/snake-pit.lua,rattlesnake、green worm mass、giant brown ant、snow cat、green mold、giant grey rat、giant spider、ritch flamespitter、sandworm随机池；并非只有蛇,conditional-room-resolve-before-art
snow-giant-camp,daikara:DEFAULT;daikara:VOLCANO,game/modules/tome/data/maps/vaults/auto/lesser/snow-giant-camp.lua,snow giant三类及chieftain、随机unique营地首领；仅符合roomCheck条件时生成,conditional-room-resolve-before-art
thief-hideout,old-forest:CRYSTALINE;old-forest:DEFAULT,game/modules/tome/data/maps/vaults/auto/lesser/thief-hideout.lua,thieve家族的mobs与boss分支；潜行、随机装备不产生新的换装需求,conditional-room-resolve-before-art
troll-hideout,old-forest:CRYSTALINE;old-forest:DEFAULT,game/modules/tome/data/maps/vaults/troll-hideout.lua,forest troll群，复用现有棋子；等级变化和密集摆位,conditional-room-resolve-before-art
worms,old-forest:CRYSTALINE;old-forest:DEFAULT,game/modules/tome/data/maps/vaults/auto/lesser/worms.lua,carrion worm mass、worm that walks；怪物组合与繁殖验证,conditional-room-resolve-before-art
