zone,layout,state_flag,paired_phase,direct_families,npc_import_refs,room_templates,room_source_ref,families_added_vs_other,guardian_id,guardian_name,guardian_definition,layout_source,requirements,validation_status
trollmire,DEFAULT,is_flooded,P2,rodent;vermin;canine;troll;snake;plant;swarm;bear;all,game/modules/tome/data/zones/trollmire/npcs.lua:21;game/modules/tome/data/zones/trollmire/npcs.lua:22;game/modules/tome/data/zones/trollmire/npcs.lua:23;game/modules/tome/data/zones/trollmire/npcs.lua:24;game/modules/tome/data/zones/trollmire/npcs.lua:25;game/modules/tome/data/zones/trollmire/npcs.lua:26;game/modules/tome/data/zones/trollmire/npcs.lua:27;game/modules/tome/data/zones/trollmire/npcs.lua:28;game/modules/tome/data/zones/trollmire/npcs.lua:30,honey_glade;forest-ruined-building1;forest-ruined-building2;forest-ruined-building3;snake-pit;mage-hideout;collapsed-tower,game/modules/tome/data/zones/trollmire/zone.lua:194,canine;rodent,TROLL_PROX,Prox the Mighty,game/modules/tome/data/zones/trollmire/npcs.lua:49,game/modules/tome/data/zones/trollmire/zone.lua:20,森林／池塘；Prox；Bill支线共用,planned-not-runtime-verified
trollmire,FLOODED,is_flooded,P2,vermin;troll;snake;plant;swarm;bear;aquatic_critter;all,game/modules/tome/data/zones/trollmire/npcs.lua:32;game/modules/tome/data/zones/trollmire/npcs.lua:33;game/modules/tome/data/zones/trollmire/npcs.lua:34;game/modules/tome/data/zones/trollmire/npcs.lua:35;game/modules/tome/data/zones/trollmire/npcs.lua:36;game/modules/tome/data/zones/trollmire/npcs.lua:37;game/modules/tome/data/zones/trollmire/npcs.lua:39;game/modules/tome/data/zones/trollmire/npcs.lua:41,honey_glade;forest-ruined-building1;forest-ruined-building2;forest-ruined-building3;snake-pit;mage-hideout;collapsed-tower,game/modules/tome/data/zones/trollmire/zone.lua:66,aquatic_critter,TROLL_SHAX,Shax the Slimy,game/modules/tome/data/zones/trollmire/npcs.lua:115,game/modules/tome/data/zones/trollmire/zone.lua:20,水生导入过滤squid；补electric eel与Shax，复用giant eel和dragon turtle；BOGWATER／BOGTREE,planned-not-runtime-verified
ruins-kor-pul,DEFAULT,is_hideout,P1,rodent;vermin;molds;skeleton;snake;all,game/modules/tome/data/zones/ruins-kor-pul/npcs.lua:21;game/modules/tome/data/zones/ruins-kor-pul/npcs.lua:22;game/modules/tome/data/zones/ruins-kor-pul/npcs.lua:23;game/modules/tome/data/zones/ruins-kor-pul/npcs.lua:24;game/modules/tome/data/zones/ruins-kor-pul/npcs.lua:25;game/modules/tome/data/zones/ruins-kor-pul/npcs.lua:27,circle;amon-sul-crypt;rat-nest;skeleton-mage-cabal;crystal-cabal;snake-pit,game/modules/tome/data/zones/ruins-kor-pul/zone.lua:45,skeleton,SHADE,The Shade,game/modules/tome/data/zones/ruins-kor-pul/npcs.lua:44,game/modules/tome/data/zones/ruins-kor-pul/zone.lua:20,骷髅系与The Shade；石质房间／门,planned-not-runtime-verified
ruins-kor-pul,HIDEOUT,is_hideout,P1,rodent;vermin;molds;thieve;snake;all,game/modules/tome/data/zones/ruins-kor-pul/npcs.lua:29;game/modules/tome/data/zones/ruins-kor-pul/npcs.lua:30;game/modules/tome/data/zones/ruins-kor-pul/npcs.lua:31;game/modules/tome/data/zones/ruins-kor-pul/npcs.lua:32;game/modules/tome/data/zones/ruins-kor-pul/npcs.lua:33;game/modules/tome/data/zones/ruins-kor-pul/npcs.lua:35,circle;amon-sul-crypt;rat-nest;skeleton-mage-cabal;crystal-cabal;snake-pit,game/modules/tome/data/zones/ruins-kor-pul/zone.lua:45,thieve,THE_POSSESSED,The Possessed,game/modules/tome/data/zones/ruins-kor-pul/npcs.lua:95,game/modules/tome/data/zones/ruins-kor-pul/zone.lua:20,盗贼系替换直接导入的骷髅系；The Possessed及thief护卫；静态末层不同,planned-not-runtime-verified
norgos-lair,DEFAULT,is_invaded,P3,bear;vermin;canine;snake;plant;all,game/modules/tome/data/zones/norgos-lair/npcs.lua:23;game/modules/tome/data/zones/norgos-lair/npcs.lua:24;game/modules/tome/data/zones/norgos-lair/npcs.lua:25;game/modules/tome/data/zones/norgos-lair/npcs.lua:26;game/modules/tome/data/zones/norgos-lair/npcs.lua:27;game/modules/tome/data/zones/norgos-lair/npcs.lua:29,,,plant,NORGOS,"Norgos, the Guardian",game/modules/tome/data/zones/norgos-lair/npcs.lua:96,game/modules/tome/data/zones/norgos-lair/zone.lua:20,熊犬蛇植物与Norgos；雪林,planned-not-runtime-verified
norgos-lair,INVADED,is_invaded,P3,bear;vermin;canine;snake;shivgoroth;all,game/modules/tome/data/zones/norgos-lair/npcs.lua:31;game/modules/tome/data/zones/norgos-lair/npcs.lua:32;game/modules/tome/data/zones/norgos-lair/npcs.lua:33;game/modules/tome/data/zones/norgos-lair/npcs.lua:34;game/modules/tome/data/zones/norgos-lair/npcs.lua:35;game/modules/tome/data/zones/norgos-lair/npcs.lua:46,,,shivgoroth,FROZEN_NORGOS,"Norgos, the Frozen",game/modules/tome/data/zones/norgos-lair/npcs.lua:51,game/modules/tome/data/zones/norgos-lair/zone.lua:20,植物直接导入改为shivgoroth；三档最低等级10/12/15减9为1/3/6；Frozen Norgos；雪粒子增强,planned-not-runtime-verified
heart-gloom,DEFAULT,is_purified,P4,rodent;bear;canine;plant,game/modules/tome/data/zones/heart-gloom/npcs.lua:52;game/modules/tome/data/zones/heart-gloom/npcs.lua:53;game/modules/tome/data/zones/heart-gloom/npcs.lua:54;game/modules/tome/data/zones/heart-gloom/npcs.lua:55,,,,WITHERING_THING,The Withering Thing,game/modules/tome/data/zones/heart-gloom/npcs.lua:61,game/modules/tome/data/zones/heart-gloom/zone.lua:20,gloomy/deformed/sick前缀＋随机阴郁技能；Withering Thing及技能召唤影子,planned-not-runtime-verified
heart-gloom,PURIFIED,is_purified,P4,rodent;bear;canine;plant,game/modules/tome/data/zones/heart-gloom/npcs.lua:52;game/modules/tome/data/zones/heart-gloom/npcs.lua:53;game/modules/tome/data/zones/heart-gloom/npcs.lua:54;game/modules/tome/data/zones/heart-gloom/npcs.lua:55,,,,DREAMING_ONE,The Dreaming One,game/modules/tome/data/zones/heart-gloom/npcs.lua:108,game/modules/tome/data/zones/heart-gloom/zone.lua:20,dreaming/slumbering/dozing前缀＋随机梦境技能；Dreaming One；梦境地面与全屏效果,planned-not-runtime-verified
scintillating-caves,DEFAULT,layout,P5,rodent;vermin;snake;bear;crystal;all,game/modules/tome/data/zones/scintillating-caves/npcs.lua:20;game/modules/tome/data/zones/scintillating-caves/npcs.lua:21;game/modules/tome/data/zones/scintillating-caves/npcs.lua:22;game/modules/tome/data/zones/scintillating-caves/npcs.lua:23;game/modules/tome/data/zones/scintillating-caves/npcs.lua:24;game/modules/tome/data/zones/scintillating-caves/npcs.lua:26,,,,SPELLBLAZE_CRYSTAL,Spellblaze Crystal,game/modules/tome/data/zones/scintillating-caves/npcs.lua:33,game/modules/tome/data/zones/scintillating-caves/zone.lua:20,晶体洞穴；同一普通怪物表与Spellblaze Crystal,planned-not-runtime-verified
scintillating-caves,TWISTED,layout,P5,rodent;vermin;snake;bear;crystal;all,game/modules/tome/data/zones/scintillating-caves/npcs.lua:20;game/modules/tome/data/zones/scintillating-caves/npcs.lua:21;game/modules/tome/data/zones/scintillating-caves/npcs.lua:22;game/modules/tome/data/zones/scintillating-caves/npcs.lua:23;game/modules/tome/data/zones/scintillating-caves/npcs.lua:24;game/modules/tome/data/zones/scintillating-caves/npcs.lua:26,amon-sul-crypt;skeleton-mage-cabal;crystal-cabal;snake-pit,game/modules/tome/data/zones/scintillating-caves/zone.lua:44,,SPELLBLAZE_CRYSTAL,Spellblaze Crystal,game/modules/tome/data/zones/scintillating-caves/npcs.lua:33,game/modules/tome/data/zones/scintillating-caves/zone.lua:20,同一普通表／首领，但新增亡灵密室、法师密会、晶体密会和snake-pit房间候选；须另核对房间怪群,planned-not-runtime-verified
rhaloren-camp,DEFAULT,layout,P6,rodent;vermin;molds;elven-warrior;elven-caster;all,game/modules/tome/data/zones/rhaloren-camp/npcs.lua:20;game/modules/tome/data/zones/rhaloren-camp/npcs.lua:21;game/modules/tome/data/zones/rhaloren-camp/npcs.lua:22;game/modules/tome/data/zones/rhaloren-camp/npcs.lua:23;game/modules/tome/data/zones/rhaloren-camp/npcs.lua:24;game/modules/tome/data/zones/rhaloren-camp/npcs.lua:26,circle;amon-sul-crypt;rat-nest;skeleton-mage-cabal,game/modules/tome/data/zones/rhaloren-camp/zone.lua:43,,INQUISITOR,Rhaloren Inquisitor,game/modules/tome/data/zones/rhaloren-camp/npcs.lua:33,game/modules/tome/data/zones/rhaloren-camp/zone.lua:20,室内营地；精灵表与Inquisitor；房间列表包含rat-nest,planned-not-runtime-verified
rhaloren-camp,OVERGROUND,layout,P6,rodent;vermin;molds;elven-warrior;elven-caster;all,game/modules/tome/data/zones/rhaloren-camp/npcs.lua:20;game/modules/tome/data/zones/rhaloren-camp/npcs.lua:21;game/modules/tome/data/zones/rhaloren-camp/npcs.lua:22;game/modules/tome/data/zones/rhaloren-camp/npcs.lua:23;game/modules/tome/data/zones/rhaloren-camp/npcs.lua:24;game/modules/tome/data/zones/rhaloren-camp/npcs.lua:26,circle;amon-sul-crypt;skeleton-mage-cabal;collapsed-tower,game/modules/tome/data/zones/rhaloren-camp/zone.lua:129,,INQUISITOR,Rhaloren Inquisitor,game/modules/tome/data/zones/rhaloren-camp/npcs.lua:33,game/modules/tome/data/zones/rhaloren-camp/zone.lua:20,地表营地；普通表／首领共用；房间列表以collapsed-tower替换rat-nest，新增构装体／炮塔等条件敌人,planned-not-runtime-verified
old-forest,DEFAULT,is_crystaline,P7,bear;vermin;canine;snake;swarm;plant;ant;all,game/modules/tome/data/zones/old-forest/npcs.lua:21;game/modules/tome/data/zones/old-forest/npcs.lua:22;game/modules/tome/data/zones/old-forest/npcs.lua:23;game/modules/tome/data/zones/old-forest/npcs.lua:24;game/modules/tome/data/zones/old-forest/npcs.lua:25;game/modules/tome/data/zones/old-forest/npcs.lua:26;game/modules/tome/data/zones/old-forest/npcs.lua:27;game/modules/tome/data/zones/old-forest/npcs.lua:29,honey_glade;troll-hideout;mage-hideout;thief-hideout;plantlife;mold-path;loot-vault;worms;bandit-fortress,game/modules/tome/data/zones/old-forest/zone.lua:49,canine;snake,WRATHROOT,Wrathroot,game/modules/tome/data/zones/old-forest/npcs.lua:96,game/modules/tome/data/zones/old-forest/zone.lua:20,熊犬蛇虫植物蚂蚁；Wrathroot；暗草森林,planned-not-runtime-verified
old-forest,CRYSTALINE,is_crystaline,P7,crystal;bear;vermin;swarm;plant;ant;all,game/modules/tome/data/zones/old-forest/npcs.lua:31;game/modules/tome/data/zones/old-forest/npcs.lua:32;game/modules/tome/data/zones/old-forest/npcs.lua:33;game/modules/tome/data/zones/old-forest/npcs.lua:34;game/modules/tome/data/zones/old-forest/npcs.lua:35;game/modules/tome/data/zones/old-forest/npcs.lua:36;game/modules/tome/data/zones/old-forest/npcs.lua:38,honey_glade;troll-hideout;mage-hideout;thief-hideout;plantlife;mold-path;loot-vault;worms;bandit-fortress,game/modules/tome/data/zones/old-forest/zone.lua:49,crystal,SHARDSKIN,Shardskin,game/modules/tome/data/zones/old-forest/npcs.lua:46,game/modules/tome/data/zones/old-forest/zone.lua:20,直接导入的犬蛇改为晶体；Shardskin；春叶森林材质和明暗变化，不能凭名字添加新阻挡,planned-not-runtime-verified
maze,DEFAULT,is_collapsed,P8,vermin;rodent;canine;snake;ooze;jelly;ant;thieve;minotaur;all,game/modules/tome/data/zones/maze/npcs.lua:21;game/modules/tome/data/zones/maze/npcs.lua:22;game/modules/tome/data/zones/maze/npcs.lua:23;game/modules/tome/data/zones/maze/npcs.lua:24;game/modules/tome/data/zones/maze/npcs.lua:25;game/modules/tome/data/zones/maze/npcs.lua:26;game/modules/tome/data/zones/maze/npcs.lua:27;game/modules/tome/data/zones/maze/npcs.lua:28;game/modules/tome/data/zones/maze/npcs.lua:29;game/modules/tome/data/zones/maze/npcs.lua:31,,,ant;minotaur;rodent;vermin,MINOTAUR_MAZE,Minotaur of the Labyrinth,game/modules/tome/data/zones/maze/npcs.lua:104,game/modules/tome/data/zones/maze/zone.lua:20,盗贼／牛头人／软泥等；Minotaur of the Labyrinth；楼梯,planned-not-runtime-verified
maze,COLLAPSED,is_collapsed,P8,canine;snake;ooze;jelly;thieve;horror-corrupted;horror_temporal;all,game/modules/tome/data/zones/maze/npcs.lua:33;game/modules/tome/data/zones/maze/npcs.lua:34;game/modules/tome/data/zones/maze/npcs.lua:35;game/modules/tome/data/zones/maze/npcs.lua:36;game/modules/tome/data/zones/maze/npcs.lua:37;game/modules/tome/data/zones/maze/npcs.lua:38;game/modules/tome/data/zones/maze/npcs.lua:39;game/modules/tome/data/zones/maze/npcs.lua:41,,,horror-corrupted;horror_temporal,HORNED_HORROR,Horned Horror,game/modules/tome/data/zones/maze/npcs.lua:50,game/modules/tome/data/zones/maze/zone.lua:20,腐化和时空恐魔替换直接导入的鼠虫蚁／牛头人；Horned Horror；裂隙交互下层，不是普通楼梯,planned-not-runtime-verified
sandworm-lair,DEFAULT,layout,P10,vermin;ooze;jelly;sandworm,game/modules/tome/data/zones/sandworm-lair/npcs.lua:21;game/modules/tome/data/zones/sandworm-lair/npcs.lua:22;game/modules/tome/data/zones/sandworm-lair/npcs.lua:23;game/modules/tome/data/zones/sandworm-lair/npcs.lua:24,,,,SANDWORM_QUEEN,Sandworm Queen,game/modules/tome/data/zones/sandworm-lair/npcs.lua:87,game/modules/tome/data/zones/sandworm-lair/zone.lua:20,普通掘洞虫引路；Sandworm Queen与召唤沙虫,planned-not-runtime-verified
sandworm-lair,BIGWORM,layout,P10,vermin;ooze;jelly;sandworm,game/modules/tome/data/zones/sandworm-lair/npcs.lua:21;game/modules/tome/data/zones/sandworm-lair/npcs.lua:22;game/modules/tome/data/zones/sandworm-lair/npcs.lua:23;game/modules/tome/data/zones/sandworm-lair/npcs.lua:24,,,,SANDWORM_QUEEN,Sandworm Queen,game/modules/tome/data/zones/sandworm-lair/npcs.lua:87,game/modules/tome/data/zones/sandworm-lair/zone.lua:20,首层巨大掘洞虫2×2显示及特殊路径；后续层仍有普通掘洞虫；女王和普通导入表共用,planned-not-runtime-verified
daikara,DEFAULT,is_volcano,P9,xorn;snow-giant;canine;cold-drake;all,game/modules/tome/data/zones/daikara/npcs.lua:20;game/modules/tome/data/zones/daikara/npcs.lua:21;game/modules/tome/data/zones/daikara/npcs.lua:23;game/modules/tome/data/zones/daikara/npcs.lua:24;game/modules/tome/data/zones/daikara/npcs.lua:30,snow-giant-camp;perilous-cliffs,game/modules/tome/data/zones/daikara/zone.lua:46,canine;cold-drake,RANTHA_THE_WORM,Rantha the Worm,game/modules/tome/data/zones/daikara/npcs.lua:37,game/modules/tome/data/zones/daikara/zone.lua:20,共享xorn／雪巨人，犬类／冰龙；Rantha,planned-not-runtime-verified
daikara,VOLCANO,is_volcano,P9,xorn;snow-giant;fire-drake;faeros;all,game/modules/tome/data/zones/daikara/npcs.lua:20;game/modules/tome/data/zones/daikara/npcs.lua:21;game/modules/tome/data/zones/daikara/npcs.lua:26;game/modules/tome/data/zones/daikara/npcs.lua:27;game/modules/tome/data/zones/daikara/npcs.lua:30,snow-giant-camp;perilous-cliffs,game/modules/tome/data/zones/daikara/zone.lua:46,faeros;fire-drake,VARSHA_THE_WRITHING,Varsha the Writhing,game/modules/tome/data/zones/daikara/npcs.lua:99,game/modules/tome/data/zones/daikara/zone.lua:20,共享xorn／雪巨人，火龙／faeros；Varsha；火山末层、岩浆地面；读取已移除on_stand的本区Grid,planned-not-runtime-verified
