source,literal_declarations,catalog_names,missing_literal_names,status
game/modules/tome/data/general/npcs/all.lua,0,0,,static-navigation-only-not-encounter-coverage
game/modules/tome/data/general/npcs/ant.lua,14,0,giant white ant;giant brown ant;giant carpenter ant;giant green ant;giant red ant;giant blue ant;giant yellow ant;giant black ant;giant fire ant;giant ice ant;giant lightning ant;giant acid ant;giant army ant;Queen Ant,static-navigation-only-not-encounter-coverage
game/modules/tome/data/general/npcs/aquatic_critter.lua,6,2,electric eel;ancient dragon turtle;squid;ink squid,static-navigation-only-not-encounter-coverage
game/modules/tome/data/general/npcs/aquatic_demon.lua,2,0,water imp;Walrog,static-navigation-only-not-encounter-coverage
game/modules/tome/data/general/npcs/bear.lua,6,2,cave bear;war bear;grizzly bear;polar bear,static-navigation-only-not-encounter-coverage
game/modules/tome/data/general/npcs/bird.lua,1,0,Phoenix,static-navigation-only-not-encounter-coverage
game/modules/tome/data/general/npcs/bone-giant.lua,4,0,bone giant;eternal bone giant;heavy bone giant;runed bone giant,static-navigation-only-not-encounter-coverage
game/modules/tome/data/general/npcs/canine.lua,7,6,Rungof the Warg Titan,static-navigation-only-not-encounter-coverage
game/modules/tome/data/general/npcs/cold-drake.lua,3,0,cold drake hatchling;cold drake;ice wyrm,static-navigation-only-not-encounter-coverage
game/modules/tome/data/general/npcs/construct.lua,3,0,broken golem;golem;alchemist golem,static-navigation-only-not-encounter-coverage
game/modules/tome/data/general/npcs/crystal.lua,8,0,wisp;red crystal;white crystal;black crystal;crimson crystal;blue crystal;multi-hued crystal;shimmering crystal,static-navigation-only-not-encounter-coverage
game/modules/tome/data/general/npcs/elven-caster.lua,5,0,elven mage;elven tempest;elven cultist;elven blood mage;elven corruptor,static-navigation-only-not-encounter-coverage
game/modules/tome/data/general/npcs/elven-warrior.lua,4,0,elven guard;mean looking elven guard;elven warrior;elven elite warrior,static-navigation-only-not-encounter-coverage
game/modules/tome/data/general/npcs/faeros.lua,3,0,faeros;greater faeros;ultimate faeros,static-navigation-only-not-encounter-coverage
game/modules/tome/data/general/npcs/feline.lua,4,0,snow cat;panther;tiger;sabertooth tiger,static-navigation-only-not-encounter-coverage
game/modules/tome/data/general/npcs/fire-drake.lua,3,0,fire drake hatchling;fire drake;fire wyrm,static-navigation-only-not-encounter-coverage
game/modules/tome/data/general/npcs/ghost.lua,4,0,dread;dreadmaster;banshee;ruin banshee,static-navigation-only-not-encounter-coverage
game/modules/tome/data/general/npcs/ghoul.lua,4,0,ghoul;ghast;ghoulking;risen corpse,static-navigation-only-not-encounter-coverage
game/modules/tome/data/general/npcs/gwelgoroth.lua,3,0,gwelgoroth;greater gwelgoroth;ultimate gwelgoroth,static-navigation-only-not-encounter-coverage
game/modules/tome/data/general/npcs/horror-corrupted.lua,6,0,drem;dremling;drem master;brecklorn;grannor'vor;grannor'vin,static-navigation-only-not-encounter-coverage
game/modules/tome/data/general/npcs/horror-undead.lua,5,0,necrotic mass;necrotic abomination;bone horror;sanguine horror;animated blood,static-navigation-only-not-encounter-coverage
game/modules/tome/data/general/npcs/horror.lua,21,0,worm that walks;bloated horror;nightmare horror;headless horror;eldritch eye;luminous horror;radiant horror;devourer;blade horror;oozing horror;umbral horror;dreaming horror;dream seed;maelstrom;parasitic horror;mass of parasitic leeches;Grgglck the Devouring Darkness;Grgglck's Tentacle;Ak'Gishil;Animated Sword;Distorted Animated Sword,static-navigation-only-not-encounter-coverage
game/modules/tome/data/general/npcs/horror_aquatic.lua,6,0,entrenched horror;swarming horror;ravenous horror;boiling horror;swarm hive;abyssal horror,static-navigation-only-not-encounter-coverage
game/modules/tome/data/general/npcs/horror_temporal.lua,5,0,dredgling;dredge;dredge captain;temporal stalker;void horror,static-navigation-only-not-encounter-coverage
game/modules/tome/data/general/npcs/humanoid_random_boss.lua,6,0,human;thalore;shalore;halfling;dwarf;giant,static-navigation-only-not-encounter-coverage
game/modules/tome/data/general/npcs/jelly.lua,7,0,green jelly;red jelly;blue jelly;white jelly;yellow jelly;black jelly;Malevolent Dimensional Jelly,static-navigation-only-not-encounter-coverage
game/modules/tome/data/general/npcs/lich.lua,4,0,lich;ancient lich;archlich;blood lich,static-navigation-only-not-encounter-coverage
game/modules/tome/data/general/npcs/losgoroth.lua,2,0,losgoroth;manaworm,static-navigation-only-not-encounter-coverage
game/modules/tome/data/general/npcs/major-demon.lua,8,0,"dolleg;dúathedlen;uruivellas;thaurhereg;daelach;champion of Urh'Rok;forge-giant;Khulmanar, General of Urh'Rok",static-navigation-only-not-encounter-coverage
game/modules/tome/data/general/npcs/minor-demon.lua,4,0,fire imp;wretchling;onilug;quasit,static-navigation-only-not-encounter-coverage
game/modules/tome/data/general/npcs/minotaur.lua,2,0,minotaur;maulotaur,static-navigation-only-not-encounter-coverage
game/modules/tome/data/general/npcs/molds.lua,5,1,brown mold;shining mold;green mold;Z'quikzshl the skeletal mold,static-navigation-only-not-encounter-coverage
game/modules/tome/data/general/npcs/multihued-drake.lua,4,0,multi-hued drake hatchling;multi-hued drake;greater multi-hued wyrm;Ureslak the Prismatic,static-navigation-only-not-encounter-coverage
game/modules/tome/data/general/npcs/mummy.lua,0,0,,static-navigation-only-not-encounter-coverage
game/modules/tome/data/general/npcs/naga.lua,3,0,naga myrmidon;naga tide huntress;naga psyren,static-navigation-only-not-encounter-coverage
game/modules/tome/data/general/npcs/ogre.lua,5,0,ogre guard;ogre warmaster;ogre mauler;ogre pounder;ogre rune-spinner,static-navigation-only-not-encounter-coverage
game/modules/tome/data/general/npcs/ooze.lua,11,0,green ooze;red ooze;blue ooze;white ooze;yellow ooze;black ooze;gelatinous cube;crimson ooze;brittle clear ooze;slimy ooze;poison ooze,static-navigation-only-not-encounter-coverage
game/modules/tome/data/general/npcs/orc-gorbat.lua,4,0,orc summoner;orc grand summoner;orc master wyrmic;orc mage-hunter,static-navigation-only-not-encounter-coverage
game/modules/tome/data/general/npcs/orc-grushnak.lua,4,0,orc fighter;orc elite fighter;orc berserker;orc elite berserker,static-navigation-only-not-encounter-coverage
game/modules/tome/data/general/npcs/orc-rak-shor.lua,3,0,orc necromancer;orc blood mage;orc corruptor,static-navigation-only-not-encounter-coverage
game/modules/tome/data/general/npcs/orc-vor.lua,4,0,orc pyromancer;orc high pyromancer;orc cryomancer;orc high cryomancer,static-navigation-only-not-encounter-coverage
game/modules/tome/data/general/npcs/orc.lua,9,0,orc warrior;orc archer;orc soldier;fiery orc wyrmic;icy orc wyrmic;orc assassin;orc master assassin;orc grand master assassin;Kra'Tor the Gluttonous,static-navigation-only-not-encounter-coverage
game/modules/tome/data/general/npcs/plant.lua,4,1,treant;poison ivy;honey tree,static-navigation-only-not-encounter-coverage
game/modules/tome/data/general/npcs/random_zone.lua,0,0,,static-navigation-only-not-encounter-coverage
game/modules/tome/data/general/npcs/ritch.lua,3,0,ritch larva;ritch hunter;ritch hive mother,static-navigation-only-not-encounter-coverage
game/modules/tome/data/general/npcs/rodent.lua,8,1,giant white mouse;giant brown mouse;giant white rat;giant rabbit;giant crystal rat;giant grey mouse;giant grey rat,static-navigation-only-not-encounter-coverage
game/modules/tome/data/general/npcs/sandworm.lua,6,0,sandworm;sandworm destroyer;sand-drake;gigantic sandworm tunneler;gigantic gravity worm;gigantic corrosive tunneler,static-navigation-only-not-encounter-coverage
game/modules/tome/data/general/npcs/shade.lua,0,0,,static-navigation-only-not-encounter-coverage
game/modules/tome/data/general/npcs/shertul.lua,0,0,,static-navigation-only-not-encounter-coverage
game/modules/tome/data/general/npcs/shivgoroth.lua,3,0,shivgoroth;greater shivgoroth;ultimate shivgoroth,static-navigation-only-not-encounter-coverage
game/modules/tome/data/general/npcs/skeleton.lua,9,3,skeleton warrior;skeleton archer;skeleton magus;armoured skeleton warrior;skeleton master archer;skeleton assassin,static-navigation-only-not-encounter-coverage
game/modules/tome/data/general/npcs/snake.lua,7,4,copperhead snake;black mamba;anaconda,static-navigation-only-not-encounter-coverage
game/modules/tome/data/general/npcs/snow-giant.lua,5,0,snow giant;snow giant thunderer;snow giant boulder thrower;snow giant chieftain;Burb the snow giant champion,static-navigation-only-not-encounter-coverage
game/modules/tome/data/general/npcs/spider.lua,12,0,"giant spider;spitting spider;chitinous spider;gaeramarth;ninurlhing;faerlhing;ungolmor;losselhing;weaver young;weaver patriarch;weaver matriarch;Ninandra, the Great Weaver",static-navigation-only-not-encounter-coverage
game/modules/tome/data/general/npcs/storm-drake.lua,3,0,storm drake hatchling;storm drake;storm wyrm,static-navigation-only-not-encounter-coverage
game/modules/tome/data/general/npcs/sunwall-town.lua,4,0,human guard;elven archer;human sun-paladin;elven sun-mage,static-navigation-only-not-encounter-coverage
game/modules/tome/data/general/npcs/swarm.lua,4,3,hummerhorn,static-navigation-only-not-encounter-coverage
game/modules/tome/data/general/npcs/telugoroth.lua,6,0,telugoroth;greater telugoroth;ultimate telugoroth;teluvorta;greater teluvorta;ultimate teluvorta,static-navigation-only-not-encounter-coverage
game/modules/tome/data/general/npcs/thieve.lua,8,4,bandit lord;assassin;shadowblade;rogue sapper,static-navigation-only-not-encounter-coverage
game/modules/tome/data/general/npcs/troll.lua,7,3,mountain troll;mountain troll thunderer;patchwork troll;Forest Troll Hedge-Wizard,static-navigation-only-not-encounter-coverage
game/modules/tome/data/general/npcs/undead-rat.lua,6,0,skeletal rat;ghoulish rat;spectral rat;vampire rat;gigantic bone rat;Rat Lich,static-navigation-only-not-encounter-coverage
game/modules/tome/data/general/npcs/vampire.lua,5,0,lesser vampire;vampire;master vampire;elder vampire;vampire lord,static-navigation-only-not-encounter-coverage
game/modules/tome/data/general/npcs/venom-drake.lua,3,0,venom drake hatchling;venom drake;venom wyrm,static-navigation-only-not-encounter-coverage
game/modules/tome/data/general/npcs/vermin.lua,3,1,green worm mass;carrion worm mass,static-navigation-only-not-encounter-coverage
game/modules/tome/data/general/npcs/wight.lua,4,0,forest wight;grave wight;barrow wight;emperor wight,static-navigation-only-not-encounter-coverage
game/modules/tome/data/general/npcs/wild-drake.lua,2,0,spire dragon;blinkwyrm,static-navigation-only-not-encounter-coverage
game/modules/tome/data/general/npcs/xorn.lua,5,0,umber hulk;xorn;xaren;The Fragmented Essence of Harkor'Zun;Harkor'Zun,static-navigation-only-not-encounter-coverage
game/modules/tome/data/general/npcs/yaech.lua,4,0,yaech diver;yaech hunter;yaech mindslayer;yaech psion,static-navigation-only-not-encounter-coverage
game/modules/tome/data/general/npcs/ziguranth.lua,3,0,ziguranth warrior;ziguranth summoner;ziguranth wyrmic,static-navigation-only-not-encounter-coverage
