family,source,proposed_reuse_group,status
autumn_forest,game/modules/tome/data/general/grids/autumn_forest.lua,G0-review-material-variants,not-a-runtime-whitelist; audit each Grid and zone callback
basic,game/modules/tome/data/general/grids/basic.lua,G1-review-cross-zone-contracts,not-a-runtime-whitelist; audit each Grid and zone callback
bone,game/modules/tome/data/general/grids/bone.lua,later-base-new-material-audit,not-a-runtime-whitelist; audit each Grid and zone callback
burntland,game/modules/tome/data/general/grids/burntland.lua,G3-volcanic-review-hazards,not-a-runtime-whitelist; audit each Grid and zone callback
cave,game/modules/tome/data/general/grids/cave.lua,G2-planned,not-a-runtime-whitelist; audit each Grid and zone callback
crystal,game/modules/tome/data/general/grids/crystal.lua,G2-planned,not-a-runtime-whitelist; audit each Grid and zone callback
elven_forest,game/modules/tome/data/general/grids/elven_forest.lua,G0-review-material-variants,not-a-runtime-whitelist; audit each Grid and zone callback
forest,game/modules/tome/data/general/grids/forest.lua,G0-review-material-variants,not-a-runtime-whitelist; audit each Grid and zone callback
fortress,game/modules/tome/data/general/grids/fortress.lua,later-base-new-material-audit,not-a-runtime-whitelist; audit each Grid and zone callback
gothic,game/modules/tome/data/general/grids/gothic.lua,later-base-new-material-audit,not-a-runtime-whitelist; audit each Grid and zone callback
ice,game/modules/tome/data/general/grids/ice.lua,G3-planned,not-a-runtime-whitelist; audit each Grid and zone callback
icecave,game/modules/tome/data/general/grids/icecave.lua,G3-planned,not-a-runtime-whitelist; audit each Grid and zone callback
jungle,game/modules/tome/data/general/grids/jungle.lua,later-base-new-material-audit,not-a-runtime-whitelist; audit each Grid and zone callback
jungle_hut,game/modules/tome/data/general/grids/jungle_hut.lua,later-base-new-material-audit,not-a-runtime-whitelist; audit each Grid and zone callback
lava,game/modules/tome/data/general/grids/lava.lua,G3-volcanic-review-hazards,not-a-runtime-whitelist; audit each Grid and zone callback
malrok_walls,game/modules/tome/data/general/grids/malrok_walls.lua,later-base-new-material-audit,not-a-runtime-whitelist; audit each Grid and zone callback
mountain,game/modules/tome/data/general/grids/mountain.lua,G3-planned,not-a-runtime-whitelist; audit each Grid and zone callback
psicave,game/modules/tome/data/general/grids/psicave.lua,later-base-new-material-audit,not-a-runtime-whitelist; audit each Grid and zone callback
sand,game/modules/tome/data/general/grids/sand.lua,G4-planned,not-a-runtime-whitelist; audit each Grid and zone callback
sanddunes,game/modules/tome/data/general/grids/sanddunes.lua,G4-planned,not-a-runtime-whitelist; audit each Grid and zone callback
slime,game/modules/tome/data/general/grids/slime.lua,later-base-new-material-audit,not-a-runtime-whitelist; audit each Grid and zone callback
slimy_walls,game/modules/tome/data/general/grids/slimy_walls.lua,later-base-new-material-audit,not-a-runtime-whitelist; audit each Grid and zone callback
snowy_forest,game/modules/tome/data/general/grids/snowy_forest.lua,G3-planned,not-a-runtime-whitelist; audit each Grid and zone callback
underground,game/modules/tome/data/general/grids/underground.lua,G1-review-cross-zone-contracts,not-a-runtime-whitelist; audit each Grid and zone callback
underground_dreamy,game/modules/tome/data/general/grids/underground_dreamy.lua,G2-planned,not-a-runtime-whitelist; audit each Grid and zone callback
underground_gloomy,game/modules/tome/data/general/grids/underground_gloomy.lua,G2-planned,not-a-runtime-whitelist; audit each Grid and zone callback
underground_slimy,game/modules/tome/data/general/grids/underground_slimy.lua,later-base-new-material-audit,not-a-runtime-whitelist; audit each Grid and zone callback
void,game/modules/tome/data/general/grids/void.lua,later-base-new-material-audit,not-a-runtime-whitelist; audit each Grid and zone callback
water,game/modules/tome/data/general/grids/water.lua,later-base-new-material-audit,not-a-runtime-whitelist; audit each Grid and zone callback
