zone,source,phase,direct_npc_imports,direct_grid_imports,literal_local_actor_names,status
abashed-expanse,game/modules/tome/data/zones/abashed-expanse/zone.lua,later-base-audit,losgoroth,basic;forest;burntland;void,Spacial Disturbance,static-navigation-only; branches/inheritance/runtime-unresolved
ancient-elven-ruins,game/modules/tome/data/zones/ancient-elven-ruins/zone.lua,later-base-audit,rodent;vermin;molds;mummy;skeleton;all,basic,Greater Mummy Lord;ancient elven mummy;animated mummy wrappings;rotting mummy;greater mummy,static-navigation-only; branches/inheritance/runtime-unresolved
ardhungol,game/modules/tome/data/zones/ardhungol/zone.lua,later-base-audit,spider;all,basic;cave;water,Ungolë,static-navigation-only; branches/inheritance/runtime-unresolved
arena,game/modules/tome/data/zones/arena/zone.lua,later-base-audit,all;crystal;bone-giant;ritch;ziguranth;horror-corrupted,basic;sand,skeletal rat;homeless fighter;golden crystal;master alchemist;multihued wyrmic;master slinger;gladiator;reaver;headless horror;Ryal;Fryjia Loren;Riala Shalarak;Valfren Loren;Rej Arkatis;slinger;high slinger;alchemist;blood mage;hexer;rogue;trickster;shadowblade;fire wyrmic;ice wyrmic;sand wyrmic;storm wyrmic;high gladiator;great gladiator;martyr;anorithil;sun paladin;star crusader,static-navigation-only; branches/inheritance/runtime-unresolved
arena-unlock,game/modules/tome/data/zones/arena-unlock/zone.lua,later-base-audit,,basic;sand;forest,gladiator;halfling slinger;arcane blade,static-navigation-only; branches/inheritance/runtime-unresolved
blighted-ruins,game/modules/tome/data/zones/blighted-ruins/zone.lua,later-base-audit,rodent;vermin;ghoul;skeleton;bone-giant;horror-undead,basic,Necromancer;Half-Finished Bone Giant;fleshy experiment;boney experiment;sanguine experiment,static-navigation-only; branches/inheritance/runtime-unresolved
briagh-lair,game/modules/tome/data/zones/briagh-lair/zone.lua,later-base-audit,sandworm,basic;sand,"Briagh, Great Sand Wyrm",static-navigation-only; branches/inheritance/runtime-unresolved
charred-scar,game/modules/tome/data/zones/charred-scar/zone.lua,later-base-audit,faeros;fire_elemental;molten_golem;fire-drake,basic;lava,"human sun-paladin;High Sun-Paladin Rodmour;orc warrior;Elandar;Argoniel;Fyrk, Faeros High Guard",static-navigation-only; branches/inheritance/runtime-unresolved
conclave-vault,game/modules/tome/data/zones/conclave-vault/zone.lua,later-base-audit,jelly;ooze;mold;slime;ogre,basic;forest;water,degenerated ogric mass;ogric abomination;ogre sentry;Healer Astelrid,static-navigation-only; branches/inheritance/runtime-unresolved
crypt-kryl-feijan,game/modules/tome/data/zones/crypt-kryl-feijan/zone.lua,later-base-audit,elven-caster;elven-warrior;minor-demon;major-demon;ogre,basic,Kryl-Feijan;Melinda;Acolyte of the Sect of Kryl-Feijan,static-navigation-only; branches/inheritance/runtime-unresolved
daikara,game/modules/tome/data/zones/daikara/zone.lua,paired-early-plan,xorn;snow-giant;canine;cold-drake;fire-drake;faeros;all,basic;mountain;lava,Rantha the Worm;Varsha the Writhing;Massok the Dragonslayer,static-navigation-only; branches/inheritance/runtime-unresolved
deep-bellow,game/modules/tome/data/zones/deep-bellow/zone.lua,later-base-audit,rodent;horror-corrupted;all,basic;underground,The Mouth;slimy crawler;The Abomination,static-navigation-only; branches/inheritance/runtime-unresolved
demon-plane,game/modules/tome/data/zones/demon-plane/zone.lua,later-base-audit,ghost;major-demon;minor-demon,basic;lava,"Draebor, the Imp",static-navigation-only; branches/inheritance/runtime-unresolved
demon-plane-spell,game/modules/tome/data/zones/demon-plane-spell/zone.lua,later-base-audit,all,basic;lava,,static-navigation-only; branches/inheritance/runtime-unresolved
dreadfell,game/modules/tome/data/zones/dreadfell/zone.lua,later-base-audit,skeleton;ghoul;wight;vampire;ghost;all;bone-giant,basic;water;forest;lava;mountain,The Master;Pale Drake;Borfast the Broken;Aletta Soultorn;Filio Flightfond,static-navigation-only; branches/inheritance/runtime-unresolved
dreadfell-ambush,game/modules/tome/data/zones/dreadfell-ambush/zone.lua,later-base-audit,orc,basic;forest,Ukruk the Fierce,static-navigation-only; branches/inheritance/runtime-unresolved
dreams,game/modules/tome/data/zones/dreams/zone.lua,later-base-audit,orc;feline,basic;mountain;jungle;water,yeek illusion;lost wife,static-navigation-only; branches/inheritance/runtime-unresolved
dreamscape-talent,game/modules/tome/data/zones/dreamscape-talent/zone.lua,later-base-audit,all,basic;void,,static-navigation-only; branches/inheritance/runtime-unresolved
eidolon-plane,game/modules/tome/data/zones/eidolon-plane/zone.lua,later-base-audit,,void,The Eidolon,static-navigation-only; branches/inheritance/runtime-unresolved
eruan,game/modules/tome/data/zones/eruan/zone.lua,later-base-audit,sandworm;ritch;orc;all,basic;water;forest;lava;sand;mountain,Sun Paladin Guren,static-navigation-only; branches/inheritance/runtime-unresolved
flooded-cave,game/modules/tome/data/zones/flooded-cave/zone.lua,later-base-audit,aquatic_critter;aquatic_demon,basic;water,Ukllmswwik the Wise,static-navigation-only; branches/inheritance/runtime-unresolved
gladium,game/modules/tome/data/zones/gladium/zone.lua,later-base-audit,,basic,,static-navigation-only; branches/inheritance/runtime-unresolved
golem-graveyard,game/modules/tome/data/zones/golem-graveyard/zone.lua,later-base-audit,construct,basic;forest;water,Atamathon the Giant Golem,static-navigation-only; branches/inheritance/runtime-unresolved
gorbat-pride,game/modules/tome/data/zones/gorbat-pride/zone.lua,later-base-audit,orc;orc-gorbat;cold-drake;storm-drake;fire-drake;venom-drake;multihued-drake;wild-drake;all,basic;forest;sand;water;mountain,"Gorbat, Supreme Wyrmic of the Pride",static-navigation-only; branches/inheritance/runtime-unresolved
grushnak-pride,game/modules/tome/data/zones/grushnak-pride/zone.lua,later-base-audit,orc;orc-grushnak;jelly;ooze;all,basic;slimy_walls;underground_slimy;lava;water;forest,"Grushnak, Battlemaster of the Pride",static-navigation-only; branches/inheritance/runtime-unresolved
halfling-ruins,game/modules/tome/data/zones/halfling-ruins/zone.lua,later-base-audit,skeleton;ghoul;bone-giant,basic;forest;water,Subject Z;Yeek Wayist,static-navigation-only; branches/inheritance/runtime-unresolved
heart-gloom,game/modules/tome/data/zones/heart-gloom/zone.lua,paired-early-plan,rodent;bear;canine;plant,basic;underground_gloomy;underground_dreamy,The Withering Thing;The Dreaming One,static-navigation-only; branches/inheritance/runtime-unresolved
high-peak,game/modules/tome/data/zones/high-peak/zone.lua,later-base-audit,orc-grushnak;orc-vor;orc-gorbat;orc-rak-shor;orc;naga;snow-giant;minor-demon;major-demon;fire-drake;cold-drake;multihued-drake;bone-giant;vampire;ghoul;skeleton;ghost;all;shertul,basic;water;forest;lava;cave,Elandar;Argoniel;Fallen Sun Paladin Aeryn;High Sun Paladin Aeryn;Caldizar,static-navigation-only; branches/inheritance/runtime-unresolved
illusory-castle,game/modules/tome/data/zones/illusory-castle/zone.lua,later-base-audit,rodent;vermin;molds;skeleton;snake;all,basic,,static-navigation-only; branches/inheritance/runtime-unresolved
infinite-dungeon,game/modules/tome/data/zones/infinite-dungeon/zone.lua,later-base-audit,all;bone-giant;faeros;gwelgoroth;shivgoroth;undead-rat;mummy;ritch,basic;water;forest;lava;sand;underground;slime;jungle;cave;burntland;mountain;fortress;void;autumn_forest;snowy_forest,,static-navigation-only; branches/inheritance/runtime-unresolved
keepsake-meadow,game/modules/tome/data/zones/keepsake-meadow/zone.lua,later-base-audit,canine,basic;forest;water;cave,caravan merchant;caravan guard;caravan porter;war dog;corrupted war dog;shadow claw;shadow stalker;shadow claw;Companion Warrior;Companion Archer;Kyless;Berethh,static-navigation-only; branches/inheritance/runtime-unresolved
lake-nur,game/modules/tome/data/zones/lake-nur/zone.lua,later-base-audit,aquatic_critter;aquatic_demon;horror_aquatic;horror;snake;plant,basic;forest;water;sand,,static-navigation-only; branches/inheritance/runtime-unresolved
last-hope-graveyard,game/modules/tome/data/zones/last-hope-graveyard/zone.lua,later-base-audit,skeleton;ghoul;vampire;bone-giant;lich,basic;forest;water,Celia,static-navigation-only; branches/inheritance/runtime-unresolved
mark-spellblaze,game/modules/tome/data/zones/mark-spellblaze/zone.lua,later-base-audit,rodent;vermin;faeros;gwelgoroth;elven-caster,basic;forest;water;lava;burntland,Grand Corruptor,static-navigation-only; branches/inheritance/runtime-unresolved
maze,game/modules/tome/data/zones/maze/zone.lua,paired-early-plan,vermin;rodent;canine;snake;ooze;jelly;ant;thieve;minotaur;all;canine;snake;ooze;jelly;thieve;horror-corrupted;horror_temporal;all,basic,Horned Horror;Minotaur of the Labyrinth;Nimisil,static-navigation-only; branches/inheritance/runtime-unresolved
murgol-lair,game/modules/tome/data/zones/murgol-lair/zone.lua,later-base-audit,yaech;aquatic_critter,basic;water,"Murgol, the Yaech Lord;naga tidewarden;naga tidecaller;naga nereid;Lady Nashva the Streambender",static-navigation-only; branches/inheritance/runtime-unresolved
norgos-lair,game/modules/tome/data/zones/norgos-lair/zone.lua,paired-early-plan,bear;vermin;canine;snake;plant;all;bear;vermin;canine;snake;shivgoroth;all,basic;mountain,"Norgos, the Frozen;Norgos, the Guardian",static-navigation-only; branches/inheritance/runtime-unresolved
noxious-caldera,game/modules/tome/data/zones/noxious-caldera/zone.lua,later-base-audit,bear;vermin;canine;snake;plant;venom-drake;faeros;all,basic;mountain;jungle;water,Mindworm,static-navigation-only; branches/inheritance/runtime-unresolved
old-forest,game/modules/tome/data/zones/old-forest/zone.lua,paired-early-plan,bear;vermin;canine;snake;swarm;plant;ant;all;crystal;bear;vermin;swarm;plant;ant;all,basic;water;forest;forest;underground,Shardskin;Wrathroot;cute little bunny;Snaproot,static-navigation-only; branches/inheritance/runtime-unresolved
orc-breeding-pit,game/modules/tome/data/zones/orc-breeding-pit/zone.lua,later-base-audit,orc,basic;underground,orc baby;orc child;young orc;orc mother;Orc Greatmother,static-navigation-only; branches/inheritance/runtime-unresolved
paradox-plane,game/modules/tome/data/zones/paradox-plane/zone.lua,later-base-audit,telugoroth;horror,basic;forest;water;mountain;sand;void,Epoch,static-navigation-only; branches/inheritance/runtime-unresolved
rak-shor-pride,game/modules/tome/data/zones/rak-shor-pride/zone.lua,later-base-audit,bone-giant;ghoul;ghost;skeleton;orc;horror-undead;orc-rak-shor;all,basic;sand;bone;water,"Rak'shor, Grand Necromancer of the Pride;Rotting Titan;Glacial Legion;Heavy Sentinel;Arch Zephyr;Void Spectre",static-navigation-only; branches/inheritance/runtime-unresolved
reknor,game/modules/tome/data/zones/reknor/zone.lua,later-base-audit,orc;troll;all,basic,"Golbug the Destroyer;Harno, Herald of Last Hope;Lithfengel",static-navigation-only; branches/inheritance/runtime-unresolved
reknor-escape,game/modules/tome/data/zones/reknor-escape/zone.lua,later-base-audit,rodent;vermin;molds;orc;snake;all,basic,Brotoq the Reaver;Norgan,static-navigation-only; branches/inheritance/runtime-unresolved
rhaloren-camp,game/modules/tome/data/zones/rhaloren-camp/zone.lua,paired-early-plan,rodent;vermin;molds;elven-warrior;elven-caster;all,basic;forest,Rhaloren Inquisitor,static-navigation-only; branches/inheritance/runtime-unresolved
ring-of-blood,game/modules/tome/data/zones/ring-of-blood/zone.lua,later-base-audit,all,basic;sand,Blood Master;spectator;slave combatant;slaver;enthralled slave,static-navigation-only; branches/inheritance/runtime-unresolved
ritch-tunnels,game/modules/tome/data/zones/ritch-tunnels/zone.lua,later-base-audit,ritch;vermin;ant;jelly,basic;sand,ritch flamespitter;ritch impaler;chitinous ritch;Ritch Great Hive Mother,static-navigation-only; branches/inheritance/runtime-unresolved
ruined-dungeon,game/modules/tome/data/zones/ruined-dungeon/zone.lua,later-base-audit,all;bone-giant;faeros;gwelgoroth;mummy;ritch,basic,,static-navigation-only; branches/inheritance/runtime-unresolved
ruins-kor-pul,game/modules/tome/data/zones/ruins-kor-pul/zone.lua,paired-early-plan,rodent;vermin;molds;skeleton;snake;all;rodent;vermin;molds;thieve;snake;all,basic,The Shade;The Possessed;Kor's Fury,static-navigation-only; branches/inheritance/runtime-unresolved
sandworm-lair,game/modules/tome/data/zones/sandworm-lair/zone.lua,paired-early-plan,vermin;ooze;jelly;sandworm,basic;sand,sandworm burrower;huge sandworm burrower;Sandworm Queen;Corrupted Sand Wyrm,static-navigation-only; branches/inheritance/runtime-unresolved
scintillating-caves,game/modules/tome/data/zones/scintillating-caves/zone.lua,paired-early-plan,rodent;vermin;snake;bear;crystal;all,basic;underground;water,Spellblaze Crystal;Spellblaze Simulacrum,static-navigation-only; branches/inheritance/runtime-unresolved
shadow-crypt,game/modules/tome/data/zones/shadow-crypt/zone.lua,later-base-audit,shade;orc-rak-shor;all,basic,Rak'Shor Cultist,static-navigation-only; branches/inheritance/runtime-unresolved
shertul-fortress,game/modules/tome/data/zones/shertul-fortress/zone.lua,later-base-audit,horror;feline,basic;fortress,"Weirdling Beast;Fortress Shadow;Training Dummy;Pumpkin, the little kitty",static-navigation-only; branches/inheritance/runtime-unresolved
shertul-fortress-caldizar,game/modules/tome/data/zones/shertul-fortress-caldizar/zone.lua,later-base-audit,shertul,basic;fortress;void,Caldizar,static-navigation-only; branches/inheritance/runtime-unresolved
slazish-fen,game/modules/tome/data/zones/slazish-fen/zone.lua,later-base-audit,,basic;forest;water,naga tidewarden;naga tidecaller;naga nereid;Lady Zoisla the Tidebringer,static-navigation-only; branches/inheritance/runtime-unresolved
slime-tunnels,game/modules/tome/data/zones/slime-tunnels/zone.lua,later-base-audit,jelly;ooze,basic;water;slime,,static-navigation-only; branches/inheritance/runtime-unresolved
sludgenest,game/modules/tome/data/zones/sludgenest/zone.lua,later-base-audit,jelly;ooze,basic;jungle;slime,Corrupted Oozemancer,static-navigation-only; branches/inheritance/runtime-unresolved
south-beach,game/modules/tome/data/zones/south-beach/zone.lua,later-base-audit,yaech,basic;forest;water;sand,Melinda,static-navigation-only; branches/inheritance/runtime-unresolved
stellar-system-shandral,game/modules/tome/data/zones/stellar-system-shandral/zone.lua,later-base-audit,,void,,static-navigation-only; branches/inheritance/runtime-unresolved
tannen-tower,game/modules/tome/data/zones/tannen-tower/zone.lua,later-base-audit,skeleton;ghoul;ghost;bone-giant;faeros;gwelgoroth;aquatic_critter;aquatic_demon;all,basic;forest;water;lava;mountain,Tannen;Drolem,static-navigation-only; branches/inheritance/runtime-unresolved
telmur,game/modules/tome/data/zones/telmur/zone.lua,later-base-audit,skeleton;ghoul;ghost;bone-giant;all,basic,The Shade of Telos,static-navigation-only; branches/inheritance/runtime-unresolved
tempest-peak,game/modules/tome/data/zones/tempest-peak/zone.lua,later-base-audit,gwelgoroth;xorn;snow-giant;storm-drake;all,basic;mountain,"Urkis, the High Tempest",static-navigation-only; branches/inheritance/runtime-unresolved
temple-of-creation,game/modules/tome/data/zones/temple-of-creation/zone.lua,later-base-audit,aquatic_critter;aquatic_demon;naga,basic;water,Slasul,static-navigation-only; branches/inheritance/runtime-unresolved
temporal-reprieve-talent,game/modules/tome/data/zones/temporal-reprieve-talent/zone.lua,later-base-audit,all,basic;forest;void,,static-navigation-only; branches/inheritance/runtime-unresolved
temporal-rift,game/modules/tome/data/zones/temporal-rift/zone.lua,later-base-audit,telugoroth;horror_temporal,basic;forest;water;mountain;sand;void,"Ben Cruthdar, the Abomination;Rantha the Abomination;Chronolith Twin;Chronolith Clone",static-navigation-only; branches/inheritance/runtime-unresolved
test,game/modules/tome/data/zones/test/zone.lua,later-base-audit,all,basic;forest;water;jungle_hut,,static-navigation-only; branches/inheritance/runtime-unresolved
thieves-tunnels,game/modules/tome/data/zones/thieves-tunnels/zone.lua,later-base-audit,thieve,basic,Assassin Lord;Lost Merchant,static-navigation-only; branches/inheritance/runtime-unresolved
town-angolwen,game/modules/tome/data/zones/town-angolwen/zone.lua,later-base-audit,,basic;forest;water;mountain,"Linaniil, Supreme Archmage of Angolwen;Archmage Tarelion;apprentice mage;pyromancer;cryomancer;geomancer;tempest",static-navigation-only; branches/inheritance/runtime-unresolved
town-derth,game/modules/tome/data/zones/town-derth/zone.lua,later-base-audit,gwelgoroth,basic;forest;water,derth guard;halfling slinger;human farmer;halfling gardener;Shady cornac man,static-navigation-only; branches/inheritance/runtime-unresolved
town-elvala,game/modules/tome/data/zones/town-elvala/zone.lua,later-base-audit,gwelgoroth,basic;forest;water,elvala guard;shalore rune master;ogre rune-spinner,static-navigation-only; branches/inheritance/runtime-unresolved
town-gates-of-morning,game/modules/tome/data/zones/town-gates-of-morning/zone.lua,later-base-audit,sunwall-town,basic;forest;mountain;water;sand,High Sun Paladin Aeryn,static-navigation-only; branches/inheritance/runtime-unresolved
town-irkkk,game/modules/tome/data/zones/town-irkkk/zone.lua,later-base-audit,gwelgoroth,basic;jungle;jungle_hut;water,yeek mindslayer;yeek psionic;gem crafter;two hander weapons crafter;one hander weapons crafter;tailor;tanner;natural infusions,static-navigation-only; branches/inheritance/runtime-unresolved
town-iron-council,game/modules/tome/data/zones/town-iron-council/zone.lua,later-base-audit,gwelgoroth,basic;underground,dwarven guard;dwarven earthwarden,static-navigation-only; branches/inheritance/runtime-unresolved
town-last-hope,game/modules/tome/data/zones/town-last-hope/zone.lua,later-base-audit,gwelgoroth,basic;forest;water;mountain,last hope guard;halfling guard;human citizen;halfling citizen,static-navigation-only; branches/inheritance/runtime-unresolved
town-lumberjack-village,game/modules/tome/data/zones/town-lumberjack-village/zone.lua,later-base-audit,,basic;forest;water,"Ben Cruthdar, the Cursed;lumberjack",static-navigation-only; branches/inheritance/runtime-unresolved
town-point-zero,game/modules/tome/data/zones/town-point-zero/zone.lua,later-base-audit,gwelgoroth,basic;forest;water;void;mountain,"guardian of reality;monstrous losgoroth;Zemekkys, Grand Keeper of Reality;Temporal Defiler",static-navigation-only; branches/inheritance/runtime-unresolved
town-shatur,game/modules/tome/data/zones/town-shatur/zone.lua,later-base-audit,,basic;forest;water;snowy_forest;elven_forest;mountain,thalore hunter;thalore wilder,static-navigation-only; branches/inheritance/runtime-unresolved
town-zigur,game/modules/tome/data/zones/town-zigur/zone.lua,later-base-audit,all;faeros;gwelgoroth;elven-caster;ziguranth,basic;water;sand;forest,Grand Corruptor;Protector Myssil,static-navigation-only; branches/inheritance/runtime-unresolved
trollmire,game/modules/tome/data/zones/trollmire/zone.lua,paired-early-plan,rodent;vermin;canine;troll;snake;plant;swarm;bear;all;vermin;troll;snake;plant;swarm;bear;aquatic_critter;all,basic;forest;autumn_forest;water,Prox the Mighty;Shax the Slimy;Bill the Stone Troll;Aluin the Fallen,static-navigation-only; branches/inheritance/runtime-unresolved
tutorial,game/modules/tome/data/zones/tutorial/zone.lua,later-base-audit,all,basic;forest;water,skeleton mage;half-dead forest troll;Lone Wolf,static-navigation-only; branches/inheritance/runtime-unresolved
tutorial-combat-stats,game/modules/tome/data/zones/tutorial-combat-stats/zone.lua,later-base-audit,all;elven-caster,basic;forest;water;lava;mountain;cave;fortress,Nain the Guide;skeleton mage;half-dead forest troll;Lone Wolf;Orc;Orc;Orc;Quick-healing orc;Robe-clad elf;Stubborn orc;Obstinate orc;Pushy orc;Rude orc;Troll;Ugly troll;Gross troll;Ghastly troll;Forum troll;Pushy elf;Blustering elf;Breezy elf;giant spider;chittering spider;hairy spider;Bored elf;Idle elf;Loitering elf;Dull-eyed orc;Keen-eyed orc,static-navigation-only; branches/inheritance/runtime-unresolved
unhallowed-morass,game/modules/tome/data/zones/unhallowed-morass/zone.lua,later-base-audit,,basic;void,weaver hatchling;orb spinner;orb weaver;fate spinner;fate weaver;Weaver Queen,static-navigation-only; branches/inheritance/runtime-unresolved
unremarkable-cave,game/modules/tome/data/zones/unremarkable-cave/zone.lua,later-base-audit,rodent;vermin;molds;skeleton;snake;all,basic;cave,Fillarel Aldaren;Krogar,static-navigation-only; branches/inheritance/runtime-unresolved
valley-moon,game/modules/tome/data/zones/valley-moon/zone.lua,later-base-audit,minor-demon;major-demon,basic;forest;water;mountain,Corrupted Daelach;Limmir the Jeweler,static-navigation-only; branches/inheritance/runtime-unresolved
valley-moon-caverns,game/modules/tome/data/zones/valley-moon-caverns/zone.lua,later-base-audit,minor-demon;major-demon;all,basic;cave,,static-navigation-only; branches/inheritance/runtime-unresolved
void,game/modules/tome/data/zones/void/zone.lua,later-base-audit,,basic;forest;water;mountain;sand;void,"Gerlyk, the Creator",static-navigation-only; branches/inheritance/runtime-unresolved
vor-armoury,game/modules/tome/data/zones/vor-armoury/zone.lua,later-base-audit,orc;orc-vor;orc-grushnak;bone-giant;all,basic;lava;water,Warmaster Gnarg;overpowered greater multi-hued wyrm,static-navigation-only; branches/inheritance/runtime-unresolved
vor-pride,game/modules/tome/data/zones/vor-pride/zone.lua,later-base-audit,orc;orc-vor;bone-giant;all,basic;gothic;forest;water;burntland,"Vor, Grand Geomancer of the Pride",static-navigation-only; branches/inheritance/runtime-unresolved
wilderness,game/modules/tome/data/zones/wilderness/zone.lua,later-base-audit,,,,static-navigation-only; branches/inheritance/runtime-unresolved
