native_name,token_id,art_status,origin,priority,gate,source,source_line,source_sha256,define_as,declared_min_level,native_tall,shader,zone_layouts,paired_phase,rooms,design,generation_note
Bill the Stone Troll,bill,mapped,variant,paired-scene,reuse-current-art-check-each-context,game/modules/tome/data/zones/trollmire/npcs.lua,182,c8ec847929ebae259c9b3524121f71008ae553f1b6ec2043b2a169c6303ebe44,TROLL_BILL,7,yes,,trollmire:DEFAULT;trollmire:FLOODED,P2,,复用现有Bill，宝藏支线单独验收,原生解析后确定生成／显示资格；不按导入或最低等级推算遭遇概率
Harkor'Zun,,missing-candidate,variant,conditional-event,generation-or-behavior-contract-first,game/modules/tome/data/general/npcs/xorn.lua,168,9157ba56ba268a92785c4afa8c26d68d68fa8944837358b19467b4681b49e837,FULL_HARKOR_ZUN,23,yes,,daikara:DEFAULT;daikara:VOLCANO,P9,,两版共用；多肢／甲壳与地面岩石区分；特殊合体事件另验收,两版共享的低频／合体事件，独立于主线两种首领；实机确认触发与合体来源
Horned Horror,,missing-candidate,variant,paired-scene,render-contract-first,game/modules/tome/data/zones/maze/npcs.lua,50,f07231a5244764f2896978554836c032d56a19d06a56dc7c8528181e5a813c71,HORNED_HORROR,12,yes,,maze:COLLAPSED,P8,,独特身份单独画；与另一变体首领至少两项形状差异；沿用运行时等级角标,原生解析后确定生成／显示资格；不按导入或最低等级推算遭遇概率
Minotaur of the Labyrinth,,missing-candidate,variant,paired-scene,render-contract-first,game/modules/tome/data/zones/maze/npcs.lua,104,f07231a5244764f2896978554836c032d56a19d06a56dc7c8528181e5a813c71,MINOTAUR_MAZE,12,yes,,maze:DEFAULT,P8,,独特身份单独画；与另一变体首领至少两项形状差异；沿用运行时等级角标,原生解析后确定生成／显示资格；不按导入或最低等级推算遭遇概率
"Norgos, the Frozen",,missing-candidate,variant,paired-scene,render-contract-first,game/modules/tome/data/zones/norgos-lair/npcs.lua,51,a6805cbc98001cf0765498d2f8c39f40bb51390e7e2def5a5f25e3da33d51a73,FROZEN_NORGOS,7,yes,,norgos-lair:INVADED,P3,,独特身份单独画；与另一变体首领至少两项形状差异；沿用运行时等级角标,原生解析后确定生成／显示资格；不按导入或最低等级推算遭遇概率
"Norgos, the Guardian",,missing-candidate,variant,paired-scene,render-contract-first,game/modules/tome/data/zones/norgos-lair/npcs.lua,96,a6805cbc98001cf0765498d2f8c39f40bb51390e7e2def5a5f25e3da33d51a73,NORGOS,7,yes,,norgos-lair:DEFAULT,P3,,独特身份单独画；与另一变体首领至少两项形状差异；沿用运行时等级角标,原生解析后确定生成／显示资格；不按导入或最低等级推算遭遇概率
Prox the Mighty,prox,mapped,variant,paired-scene,reuse-current-art-check-each-context,game/modules/tome/data/zones/trollmire/npcs.lua,49,c8ec847929ebae259c9b3524121f71008ae553f1b6ec2043b2a169c6303ebe44,TROLL_PROX,7,yes,,trollmire:DEFAULT,P2,,独特身份单独画；与另一变体首领至少两项形状差异；沿用运行时等级角标,原生解析后确定生成／显示资格；不按导入或最低等级推算遭遇概率
Rantha the Worm,,missing-candidate,variant,paired-scene,render-contract-first,game/modules/tome/data/zones/daikara/npcs.lua,37,c4d6d6b6387719554eb81b4eccb6abe0722bd435860d06d56dafcc778e8019ca,RANTHA_THE_WORM,12,yes,,daikara:DEFAULT,P9,,独特身份单独画；与另一变体首领至少两项形状差异；沿用运行时等级角标,原生解析后确定生成／显示资格；不按导入或最低等级推算遭遇概率
Rhaloren Inquisitor,,missing-candidate,variant,paired-scene,native-resolve-before-generation,game/modules/tome/data/zones/rhaloren-camp/npcs.lua,33,992fd18d8e3476a19aa35725e4e1d8b297de4b1d5cab7670d1ef68dfd76399c4,INQUISITOR,7,no,,rhaloren-camp:DEFAULT;rhaloren-camp:OVERGROUND,P6,,独特身份单独画；与另一变体首领至少两项形状差异；沿用运行时等级角标,原生解析后确定生成／显示资格；不按导入或最低等级推算遭遇概率
Sandworm Queen,,missing-candidate,variant,paired-scene,render-contract-first,game/modules/tome/data/zones/sandworm-lair/npcs.lua,87,944fad4800a0c7181abbbf5a61a021223f4803340a0c1b5c7cb74f208daaf418,SANDWORM_QUEEN,15,yes,,sandworm-lair:BIGWORM;sandworm-lair:DEFAULT,P10,,独特身份单独画；与另一变体首领至少两项形状差异；沿用运行时等级角标,原生解析后确定生成／显示资格；不按导入或最低等级推算遭遇概率
Shardskin,,missing-candidate,variant,paired-scene,native-resolve-before-generation,game/modules/tome/data/zones/old-forest/npcs.lua,46,6d7918b8d3808f8fc74739a990d3b0b6dbc4906668439672f2f783a86baf0121,SHARDSKIN,12,no,,old-forest:CRYSTALINE,P7,,独特身份单独画；与另一变体首领至少两项形状差异；沿用运行时等级角标,原生解析后确定生成／显示资格；不按导入或最低等级推算遭遇概率
Shax the Slimy,,missing-candidate,variant,paired-scene,render-contract-first,game/modules/tome/data/zones/trollmire/npcs.lua,115,c8ec847929ebae259c9b3524121f71008ae553f1b6ec2043b2a169c6303ebe44,TROLL_SHAX,7,yes,,trollmire:FLOODED,P2,,独特身份单独画；与另一变体首领至少两项形状差异；沿用运行时等级角标,原生解析后确定生成／显示资格；不按导入或最低等级推算遭遇概率
Spellblaze Crystal,,missing-candidate,variant,paired-scene,native-resolve-before-generation,game/modules/tome/data/zones/scintillating-caves/npcs.lua,33,ca974c3c694abd74225a9bf0434a1f8d89892b7a2558bdada32dbefdb000b873,SPELLBLAZE_CRYSTAL,7,no,,scintillating-caves:DEFAULT;scintillating-caves:TWISTED,P5,,独特身份单独画；与另一变体首领至少两项形状差异；沿用运行时等级角标,原生解析后确定生成／显示资格；不按导入或最低等级推算遭遇概率
The Dreaming One,,missing-candidate,variant,paired-scene,native-resolve-before-generation,game/modules/tome/data/zones/heart-gloom/npcs.lua,108,0aa0c8cb3488b735cd4b7455eec73acd6d0c62d424cf74edd330e71caeed56d8,DREAMING_ONE,7,no,,heart-gloom:PURIFIED,P4,,独特身份单独画；与另一变体首领至少两项形状差异；沿用运行时等级角标,原生解析后确定生成／显示资格；不按导入或最低等级推算遭遇概率
The Fragmented Essence of Harkor'Zun,,missing-candidate,variant,conditional-event,generation-or-behavior-contract-first,game/modules/tome/data/general/npcs/xorn.lua,93,9157ba56ba268a92785c4afa8c26d68d68fa8944837358b19467b4681b49e837,,17,yes,,daikara:DEFAULT;daikara:VOLCANO,P9,,两版共用；多肢／甲壳与地面岩石区分；特殊合体事件另验收,两版共享的低频／合体事件，独立于主线两种首领；实机确认触发与合体来源
The Possessed,,missing-candidate,variant,paired-scene,render-contract-first,game/modules/tome/data/zones/ruins-kor-pul/npcs.lua,95,ccf6405af2919d0074c4d876ad14a96bd77dee83dcb071178652fd60226844e4,THE_POSSESSED,7,yes,,ruins-kor-pul:HIDEOUT,P1,,独特身份单独画；与另一变体首领至少两项形状差异；沿用运行时等级角标,原生解析后确定生成／显示资格；不按导入或最低等级推算遭遇概率
The Shade,,missing-candidate,variant,paired-scene,render-contract-first,game/modules/tome/data/zones/ruins-kor-pul/npcs.lua,44,ccf6405af2919d0074c4d876ad14a96bd77dee83dcb071178652fd60226844e4,SHADE,7,no,unique_glow,ruins-kor-pul:DEFAULT,P1,,独特身份单独画；与另一变体首领至少两项形状差异；沿用运行时等级角标,原生解析后确定生成／显示资格；不按导入或最低等级推算遭遇概率
The Withering Thing,,missing-candidate,variant,paired-scene,native-resolve-before-generation,game/modules/tome/data/zones/heart-gloom/npcs.lua,61,0aa0c8cb3488b735cd4b7455eec73acd6d0c62d424cf74edd330e71caeed56d8,WITHERING_THING,7,no,,heart-gloom:DEFAULT,P4,,独特身份单独画；与另一变体首领至少两项形状差异；沿用运行时等级角标,原生解析后确定生成／显示资格；不按导入或最低等级推算遭遇概率
Varsha the Writhing,,missing-candidate,variant,paired-scene,render-contract-first,game/modules/tome/data/zones/daikara/npcs.lua,99,c4d6d6b6387719554eb81b4eccb6abe0722bd435860d06d56dafcc778e8019ca,VARSHA_THE_WRITHING,12,yes,,daikara:VOLCANO,P9,,独特身份单独画；与另一变体首领至少两项形状差异；沿用运行时等级角标,原生解析后确定生成／显示资格；不按导入或最低等级推算遭遇概率
Wrathroot,,missing-candidate,variant,paired-scene,render-contract-first,game/modules/tome/data/zones/old-forest/npcs.lua,96,6d7918b8d3808f8fc74739a990d3b0b6dbc4906668439672f2f783a86baf0121,WRATHROOT,12,yes,,old-forest:DEFAULT,P7,,独特身份单独画；与另一变体首领至少两项形状差异；沿用运行时等级角标,原生解析后确定生成／显示资格；不按导入或最低等级推算遭遇概率
ancient dragon turtle,,missing-candidate,variant,conditional-generation,generation-or-behavior-contract-first,game/modules/tome/data/general/npcs/aquatic_critter.lua,77,3df4ea93796566f6da4347a22cd2d2eb3bedc394ca8206289d91a2440a30d354,,20,yes,,trollmire:FLOODED,P2,,鳗鱼姿态与龟壳剪影；电鳗不能只靠电光区分；高阶龟保留高图验证,原生解析后确定生成／显示资格；不按导入或最低等级推算遭遇概率
armoured skeleton warrior,,missing-candidate,room-gap,conditional-room,generation-or-behavior-contract-first,game/modules/tome/data/general/npcs/skeleton.lua,150,7f37a3efc49aea34511eadd7387b5b15e7e3b783bc485dfcaaceffca5f5fd2f4,,13,no,,rhaloren-camp:DEFAULT;rhaloren-camp:OVERGROUND;ruins-kor-pul:DEFAULT;ruins-kor-pul:HIDEOUT;scintillating-caves:TWISTED,room-owner-phase,amon-sul-crypt,先解析房间条件和最终显示；不是仅按声明最低等级决定出图,
assassin,,missing-candidate,variant,paired-scene,native-resolve-before-generation,game/modules/tome/data/general/npcs/thieve.lua,140,8393018abde8c44ae92e002665ce0dfccddab30a3263e64f2cff61b6a159fcff,THIEF_ASSASSIN,12,no,,ruins-kor-pul:HIDEOUT;maze:DEFAULT;maze:COLLAPSED,P1/P8,,姿态／武器布局区分，保留真实潜行；固定职业造型，不实施换装,原生解析后确定生成／显示资格；不按导入或最低等级推算遭遇概率
bandit,bandit,mapped,baseline;variant,paired-scene,reuse-current-art-check-each-context,game/modules/tome/data/general/npcs/thieve.lua,99,8393018abde8c44ae92e002665ce0dfccddab30a3263e64f2cff61b6a159fcff,THIEF_BANDIT,5,no,,ruins-kor-pul:HIDEOUT;maze:DEFAULT;maze:COLLAPSED,P1/P8,,姿态／武器布局区分，保留真实潜行；固定职业造型，不实施换装,原生解析后确定生成／显示资格；不按导入或最低等级推算遭遇概率
bandit lord,,missing-candidate,variant,paired-scene,native-resolve-before-generation,game/modules/tome/data/general/npcs/thieve.lua,113,8393018abde8c44ae92e002665ce0dfccddab30a3263e64f2cff61b6a159fcff,,8,no,,ruins-kor-pul:HIDEOUT;maze:DEFAULT;maze:COLLAPSED,P1/P8,,姿态／武器布局区分，保留真实潜行；固定职业造型，不实施换装,原生解析后确定生成／显示资格；不按导入或最低等级推算遭遇概率
bee swarm,bee-swarm,mapped,existing-outside-old-plan,already-covered,reuse-current-art-check-each-context,,,,,,,,,,,reuse existing token,
black bear,black-bear,mapped,existing-outside-old-plan,already-covered,reuse-current-art-check-each-context,,,,,,,,,,,reuse existing token,
black crystal,,missing-candidate,baseline;variant,paired-scene,native-resolve-before-generation,game/modules/tome/data/general/npcs/crystal.lua,120,d6cdbfe8d69dc00a9167ec1c348469f915103835ee7485534f8e0086982decc2,,3,no,,scintillating-caves:DEFAULT;scintillating-caves:TWISTED;old-forest:CRYSTALINE,P5/P7,,主晶柱构型和宽面明度区分；高阶quad_hue及wisp召唤另层验收,原生解析后确定生成／显示资格；不按导入或最低等级推算遭遇概率
bloated horror,,missing-candidate,room-gap,conditional-room,generation-or-behavior-contract-first,game/modules/tome/data/general/npcs/horror.lua,116,59fb5c3d04db48cfa87a1b3fd51565c915a8a8573b5e72459177694a8541e77c,,10,no,,rhaloren-camp:DEFAULT;rhaloren-camp:OVERGROUND;ruins-kor-pul:DEFAULT;ruins-kor-pul:HIDEOUT;scintillating-caves:TWISTED,room-owner-phase,skeleton-mage-cabal,先解析房间条件和最终显示；不是仅按声明最低等级决定出图,
blue crystal,,missing-candidate,baseline;variant,paired-scene,native-resolve-before-generation,game/modules/tome/data/general/npcs/crystal.lua,142,d6cdbfe8d69dc00a9167ec1c348469f915103835ee7485534f8e0086982decc2,,3,no,,scintillating-caves:DEFAULT;scintillating-caves:TWISTED;old-forest:CRYSTALINE,P5/P7,,主晶柱构型和宽面明度区分；高阶quad_hue及wisp召唤另层验收,原生解析后确定生成／显示资格；不按导入或最低等级推算遭遇概率
brecklorn,,missing-candidate,variant,paired-scene,native-resolve-before-generation,game/modules/tome/data/general/npcs/horror-corrupted.lua,161,ca0ef6bf11db645523f2ad3e884171226b2b181407e804ca981d4c2ea26d7dae,,1,no,,maze:COLLAPSED,P8,,小型人形／巨臂／领队、翼形与长蛞蝓分组；暗体保留大面轮廓光,原生解析后确定生成／显示资格；不按导入或最低等级推算遭遇概率
broken golem,,missing-candidate,room-gap,conditional-room,generation-or-behavior-contract-first,game/modules/tome/data/general/npcs/construct.lua,59,61cbeb027f35ccbbfeb5b33fe7a6a46684f630f079a5ad8ff651ef68ae5ae36a,,6,no,,rhaloren-camp:OVERGROUND;trollmire:DEFAULT;trollmire:FLOODED,room-owner-phase,collapsed-tower,先解析房间条件和最终显示；不是仅按声明最低等级决定出图,
brown bear,brown-bear,mapped,existing-outside-old-plan,already-covered,reuse-current-art-check-each-context,,,,,,,,,,,reuse existing token,
brown mold,,missing-candidate,baseline,baseline-plan,native-resolve-before-generation,game/modules/tome/data/general/npcs/molds.lua,60,0b40d03a904bb0f4a569904a2207a53eb7a40c09b4bd1f410b0d90c2327595ef,,2,no,,,P1,,宽分叶伞状簇；和灰霉菌轮廓及亮暗分布均不同,
carrion worm mass,,missing-candidate,room-gap,conditional-room,generation-or-behavior-contract-first,game/modules/tome/data/general/npcs/vermin.lua,68,00356bcc7f67dd0171daaad2d5f394550aeb64e2d02099127e93709ff74c3c8e,CARRION_WORM_MASS,20,no,,old-forest:CRYSTALINE;old-forest:DEFAULT,room-owner-phase,worms,先解析房间条件和最终显示；不是仅按声明最低等级决定出图,
cave troll,cave-troll,mapped,existing-outside-old-plan,already-covered,reuse-current-art-check-each-context,,,,,,,,,,,reuse existing token,
cold drake,,missing-candidate,variant,paired-scene,native-resolve-before-generation,game/modules/tome/data/general/npcs/cold-drake.lua,66,60153bdad6955f2773d8db30457e717c480cf794e7d0793ff027a994dcb0bff4,NPC_COLD_DRAKE,14,no,,daikara:DEFAULT,P9,,与火龙成对设计；幼体不等于成年缩小,原生解析后确定生成／显示资格；不按导入或最低等级推算遭遇概率
cold drake hatchling,,missing-candidate,baseline;variant,paired-scene,native-resolve-before-generation,game/modules/tome/data/general/npcs/cold-drake.lua,47,60153bdad6955f2773d8db30457e717c480cf794e7d0793ff027a994dcb0bff4,,8,no,,daikara:DEFAULT,P9,,与火龙成对设计；幼体不等于成年缩小,原生解析后确定生成／显示资格；不按导入或最低等级推算遭遇概率
copperhead snake,,missing-candidate,baseline,baseline-plan,native-resolve-before-generation,game/modules/tome/data/general/npcs/snake.lua,67,2e7035bbff94a277cabc07e7ed59398563123db90c5e029ec284e55f7090a1b1,,2,no,,,P2/P4/P7,,低伏开放折弯；铜色头部作次要线索,
crimson crystal,,missing-candidate,variant,paired-scene,native-resolve-before-generation,game/modules/tome/data/general/npcs/crystal.lua,131,d6cdbfe8d69dc00a9167ec1c348469f915103835ee7485534f8e0086982decc2,,3,no,,scintillating-caves:DEFAULT;scintillating-caves:TWISTED;old-forest:CRYSTALINE,P5/P7,,主晶柱构型和宽面明度区分；高阶quad_hue及wisp召唤另层验收,原生解析后确定生成／显示资格；不按导入或最低等级推算遭遇概率
cutpurse,cutpurse,mapped,baseline;variant,paired-scene,reuse-current-art-check-each-context,game/modules/tome/data/general/npcs/thieve.lua,63,8393018abde8c44ae92e002665ce0dfccddab30a3263e64f2cff61b6a159fcff,,1,no,,ruins-kor-pul:HIDEOUT;maze:DEFAULT;maze:COLLAPSED,P1/P8,,姿态／武器布局区分，保留真实潜行；固定职业造型，不实施换装,原生解析后确定生成／显示资格；不按导入或最低等级推算遭遇概率
degenerated skeleton archer,degenerated-skeleton-archer,mapped,baseline,baseline-plan,reuse-current-art-check-each-context,game/modules/tome/data/general/npcs/skeleton.lua,69,7f37a3efc49aea34511eadd7387b5b15e7e3b783bc485dfcaaceffca5f5fd2f4,,3,no,,,P1,,侧身弓弧与胸腔留空；腕槽拉弦,
degenerated skeleton warrior,degenerated-skeleton-warrior,mapped,baseline,baseline-plan,reuse-current-art-check-each-context,game/modules/tome/data/general/npcs/skeleton.lua,59,7f37a3efc49aea34511eadd7387b5b15e7e3b783bc485dfcaaceffca5f5fd2f4,,1,no,,,P1,,单臂斜剑与残损胸腔；缺臂不修补,
dire wolf,dire-wolf,mapped,existing-outside-old-plan,already-covered,reuse-current-art-check-each-context,,,,,,,,,,,reuse existing token,
dragon turtle,dragon-turtle,mapped,variant,paired-scene,reuse-current-art-check-each-context,game/modules/tome/data/general/npcs/aquatic_critter.lua,67,3df4ea93796566f6da4347a22cd2d2eb3bedc394ca8206289d91a2440a30d354,,1,no,,trollmire:FLOODED,P2,,鳗鱼姿态与龟壳剪影；电鳗不能只靠电光区分；高阶龟保留高图验证,原生解析后确定生成／显示资格；不按导入或最低等级推算遭遇概率
dredge,,missing-candidate,variant,paired-scene,native-resolve-before-generation,game/modules/tome/data/general/npcs/horror_temporal.lua,73,36c607d2da3de37f3a899a61091b4b0a748cc5d2d8e3c78c518e69c207e34403,,15,no,,maze:COLLAPSED,P8,,幼体／成体／队长与爬行／虚空轮廓分开；高阶先确认实际生成条件,原生解析后确定生成／显示资格；不按导入或最低等级推算遭遇概率
dredge captain,,missing-candidate,variant,conditional-generation,generation-or-behavior-contract-first,game/modules/tome/data/general/npcs/horror_temporal.lua,101,36c607d2da3de37f3a899a61091b4b0a748cc5d2d8e3c78c518e69c207e34403,,20,no,,maze:COLLAPSED,P8,,幼体／成体／队长与爬行／虚空轮廓分开；高阶先确认实际生成条件,原生解析后确定生成／显示资格；不按导入或最低等级推算遭遇概率
dredgling,,missing-candidate,variant,paired-scene,native-resolve-before-generation,game/modules/tome/data/general/npcs/horror_temporal.lua,50,36c607d2da3de37f3a899a61091b4b0a748cc5d2d8e3c78c518e69c207e34403,,10,no,,maze:COLLAPSED,P8,,幼体／成体／队长与爬行／虚空轮廓分开；高阶先确认实际生成条件,原生解析后确定生成／显示资格；不按导入或最低等级推算遭遇概率
drem,,missing-candidate,variant,paired-scene,native-resolve-before-generation,game/modules/tome/data/general/npcs/horror-corrupted.lua,46,ca0ef6bf11db645523f2ad3e884171226b2b181407e804ca981d4c2ea26d7dae,,1,no,,maze:COLLAPSED,P8,,小型人形／巨臂／领队、翼形与长蛞蝓分组；暗体保留大面轮廓光,原生解析后确定生成／显示资格；不按导入或最低等级推算遭遇概率
drem master,,missing-candidate,variant,paired-scene,native-resolve-before-generation,game/modules/tome/data/general/npcs/horror-corrupted.lua,118,ca0ef6bf11db645523f2ad3e884171226b2b181407e804ca981d4c2ea26d7dae,,3,no,,maze:COLLAPSED,P8,,小型人形／巨臂／领队、翼形与长蛞蝓分组；暗体保留大面轮廓光,原生解析后确定生成／显示资格；不按导入或最低等级推算遭遇概率
dremling,,missing-candidate,variant,paired-scene,render-contract-first,game/modules/tome/data/general/npcs/horror-corrupted.lua,81,ca0ef6bf11db645523f2ad3e884171226b2b181407e804ca981d4c2ea26d7dae,,3,yes,,maze:COLLAPSED,P8,,小型人形／巨臂／领队、翼形与长蛞蝓分组；暗体保留大面轮廓光,原生解析后确定生成／显示资格；不按导入或最低等级推算遭遇概率
electric eel,,missing-candidate,variant,paired-scene,native-resolve-before-generation,game/modules/tome/data/general/npcs/aquatic_critter.lua,52,3df4ea93796566f6da4347a22cd2d2eb3bedc394ca8206289d91a2440a30d354,,1,no,,trollmire:FLOODED,P2,,鳗鱼姿态与龟壳剪影；电鳗不能只靠电光区分；高阶龟保留高图验证,原生解析后确定生成／显示资格；不按导入或最低等级推算遭遇概率
elven guard,,missing-candidate,baseline,baseline-plan,native-resolve-before-generation,game/modules/tome/data/general/npcs/elven-warrior.lua,54,28a4a2cc0c50f66f1e2b74bba82895adb490a9a9f4880eb86b195b545a5ee3a1,,1,no,,,P6,,正立剑盾；面孔和尖耳不是唯一特征,
elven mage,,missing-candidate,baseline,baseline-plan,native-resolve-before-generation,game/modules/tome/data/general/npcs/elven-caster.lua,56,a68bfbfbbe74a47b0c2a95f683439c41035ecf952d53cabb4c7636ee011fd515,,2,no,,,P6,,纵向法杖与斜伸手；衣褶简化为大块,
elven tempest,,missing-candidate,baseline,baseline-plan,native-resolve-before-generation,game/modules/tome/data/general/npcs/elven-caster.lua,73,a68bfbfbbe74a47b0c2a95f683439c41035ecf952d53cabb4c7636ee011fd515,,3,no,,,P6,,宽袖或分腿施法姿；真实持续效果另层验证,
faeros,,missing-candidate,variant,conditional-generation,generation-or-behavior-contract-first,game/modules/tome/data/general/npcs/faeros.lua,57,8828674803648a338924a957c0f76b0fbbf43c0259b2c7a412a7f2ddfb9cfb42,,20,no,,daikara:VOLCANO,P9,,三档火元素的核心与外形不同；发光不侵占阵营和生命环,原生解析后确定生成／显示资格；不按导入或最低等级推算遭遇概率
fire drake,,missing-candidate,variant,paired-scene,native-resolve-before-generation,game/modules/tome/data/general/npcs/fire-drake.lua,63,a19506d0583df6a00a07bb79a78a49eb3e0776b463a53ea9c5c17fdc4c70e203,,14,no,,daikara:VOLCANO,P9,,火幼龙／成年／古龙与冰系有姿态和翼角差异；不只换红色,原生解析后确定生成／显示资格；不按导入或最低等级推算遭遇概率
fire drake hatchling,,missing-candidate,variant,paired-scene,native-resolve-before-generation,game/modules/tome/data/general/npcs/fire-drake.lua,47,a19506d0583df6a00a07bb79a78a49eb3e0776b463a53ea9c5c17fdc4c70e203,FIRE_DRAKE_HATCHLING,8,no,,daikara:VOLCANO,P9,,火幼龙／成年／古龙与冰系有姿态和翼角差异；不只换红色,原生解析后确定生成／显示资格；不按导入或最低等级推算遭遇概率
fire wyrm,,missing-candidate,variant,conditional-generation,generation-or-behavior-contract-first,game/modules/tome/data/general/npcs/fire-drake.lua,85,a19506d0583df6a00a07bb79a78a49eb3e0776b463a53ea9c5c17fdc4c70e203,,25,yes,,daikara:VOLCANO,P9,,火幼龙／成年／古龙与冰系有姿态和翼角差异；不只换红色,原生解析后确定生成／显示资格；不按导入或最低等级推算遭遇概率
forest troll,forest-troll,mapped,existing-outside-old-plan,already-covered,reuse-current-art-check-each-context,,,,,,,,,,,reuse existing token,
forest wight,,missing-candidate,room-gap,conditional-room,generation-or-behavior-contract-first,game/modules/tome/data/general/npcs/wight.lua,66,f322a98363c5f9f2106c7abf3ca0f64cf55a4d8b3e051181da775e20fddb938d,,16,no,,old-forest:CRYSTALINE;old-forest:DEFAULT,room-owner-phase,loot-vault,先解析房间条件和最终显示；不是仅按声明最低等级决定出图,
fox,fox,mapped,existing-outside-old-plan,already-covered,reuse-current-art-check-each-context,,,,,,,,,,,reuse existing token,
gelatinous cube,,missing-candidate,baseline,baseline-plan,native-resolve-before-generation,game/modules/tome/data/general/npcs/ooze.lua,116,ef04b41db75c4e564fe3386ffe772f5bc3346fa323de2b6f62bc2f02eaafe8e6,,12,no,,,P8,,方形透明体块置于圆盘；不可画成地形格,
ghast,,missing-candidate,room-gap,conditional-room,generation-or-behavior-contract-first,game/modules/tome/data/general/npcs/ghoul.lua,67,b1ec41fab65306b144321ea37ed991405c7c795fca3bdebac932c27ec1e11586,,10,no,,rhaloren-camp:DEFAULT;rhaloren-camp:OVERGROUND;ruins-kor-pul:DEFAULT;ruins-kor-pul:HIDEOUT;scintillating-caves:TWISTED,room-owner-phase,amon-sul-crypt,先解析房间条件和最终显示；不是仅按声明最低等级决定出图,
ghoul,,missing-candidate,room-gap,conditional-room,generation-or-behavior-contract-first,game/modules/tome/data/general/npcs/ghoul.lua,50,b1ec41fab65306b144321ea37ed991405c7c795fca3bdebac932c27ec1e11586,GHOUL,7,no,,rhaloren-camp:DEFAULT;rhaloren-camp:OVERGROUND;ruins-kor-pul:DEFAULT;ruins-kor-pul:HIDEOUT;scintillating-caves:TWISTED;trollmire:DEFAULT;trollmire:FLOODED,room-owner-phase,amon-sul-crypt;forest-ruined-building1,先解析房间条件和最终显示；不是仅按声明最低等级决定出图,
giant brown ant,,missing-candidate,baseline,baseline-plan,native-resolve-before-generation,game/modules/tome/data/general/npcs/ant.lua,54,174db6009f98d7431e7ddff1e9bf95fd8301bec8067bbbac88528a12525c51be,,1,no,,,P7,,宽头侧行与中等明度；区别白蚁正向轮廓,
giant brown mouse,,missing-candidate,baseline,baseline-plan,native-resolve-before-generation,game/modules/tome/data/general/npcs/rodent.lua,57,ecb8d6c7ae28507cee0f59f69b5477446e01db4da27e278367bcd314bae0ad11,,1,no,,,P2/P4/P7,,大耳细身与抬首姿态；区别现有低背棕鼠,
giant brown rat,brown-rat,mapped,existing-outside-old-plan,already-covered,reuse-current-art-check-each-context,,,,,,,,,,,reuse existing token,
giant carpenter ant,,missing-candidate,baseline,baseline-plan,native-resolve-before-generation,game/modules/tome/data/general/npcs/ant.lua,63,174db6009f98d7431e7ddff1e9bf95fd8301bec8067bbbac88528a12525c51be,,2,no,,,P7,,厚头大颚与低前身；暗甲宽面高光,
giant crystal rat,,missing-candidate,rodent-family-completion,shared-family-gap,native-resolve-before-generation,game/modules/tome/data/general/npcs/rodent.lua,107,ecb8d6c7ae28507cee0f59f69b5477446e01db4da27e278367bcd314bae0ad11,,1,no,,,P1/P2/P4/P7,,鼠/大鼠/兔至少两项剪影、明度或色相区别；不得仅换色,
giant eel,giant-eel,mapped,variant,paired-scene,reuse-current-art-check-each-context,game/modules/tome/data/general/npcs/aquatic_critter.lua,45,3df4ea93796566f6da4347a22cd2d2eb3bedc394ca8206289d91a2440a30d354,,1,no,,trollmire:FLOODED,P2,,鳗鱼姿态与龟壳剪影；电鳗不能只靠电光区分；高阶龟保留高图验证,原生解析后确定生成／显示资格；不按导入或最低等级推算遭遇概率
giant grey mouse,,missing-candidate,rodent-family-completion,shared-family-gap,native-resolve-before-generation,game/modules/tome/data/general/npcs/rodent.lua,121,ecb8d6c7ae28507cee0f59f69b5477446e01db4da27e278367bcd314bae0ad11,,1,no,,,P1/P2/P4/P7,,鼠/大鼠/兔至少两项剪影、明度或色相区别；不得仅换色,
giant grey rat,,missing-candidate,baseline,baseline-plan,native-resolve-before-generation,game/modules/tome/data/general/npcs/rodent.lua,132,ecb8d6c7ae28507cee0f59f69b5477446e01db4da27e278367bcd314bae0ad11,,1,no,,,P2/P4/P7,,较平长体与侧卷尾；灰色以外的形状差异,
giant rabbit,,missing-candidate,rodent-family-completion,shared-family-gap,native-resolve-before-generation,game/modules/tome/data/general/npcs/rodent.lua,94,ecb8d6c7ae28507cee0f59f69b5477446e01db4da27e278367bcd314bae0ad11,,1,no,,,P1/P2/P4/P7,,鼠/大鼠/兔至少两项剪影、明度或色相区别；不得仅换色,
giant spider,,missing-candidate,room-gap,conditional-room,generation-or-behavior-contract-first,game/modules/tome/data/general/npcs/spider.lua,50,4c4a3bab29639167ca6a4d95ba4c0b6ba4a0164600ea40736376e268dc1457aa,,5,no,,ruins-kor-pul:DEFAULT;ruins-kor-pul:HIDEOUT;scintillating-caves:TWISTED;trollmire:DEFAULT;trollmire:FLOODED,room-owner-phase,snake-pit,先解析房间条件和最终显示；不是仅按声明最低等级决定出图,
giant venus flytrap,venus-flytrap,mapped,existing-outside-old-plan,already-covered,reuse-current-art-check-each-context,,,,,,,,,,,reuse existing token,
giant white ant,,missing-candidate,baseline,baseline-plan,native-resolve-before-generation,game/modules/tome/data/general/npcs/ant.lua,46,174db6009f98d7431e7ddff1e9bf95fd8301bec8067bbbac88528a12525c51be,,1,no,,,P7,,浅甲单体六足；腹胸留空,
giant white mouse,,missing-candidate,rodent-family-completion,shared-family-gap,native-resolve-before-generation,game/modules/tome/data/general/npcs/rodent.lua,44,ecb8d6c7ae28507cee0f59f69b5477446e01db4da27e278367bcd314bae0ad11,,1,no,,,P1/P2/P4/P7,,鼠/大鼠/兔至少两项剪影、明度或色相区别；不得仅换色,
giant white rat,,missing-candidate,rodent-family-completion,shared-family-gap,native-resolve-before-generation,game/modules/tome/data/general/npcs/rodent.lua,70,ecb8d6c7ae28507cee0f59f69b5477446e01db4da27e278367bcd314bae0ad11,,1,no,,,P1/P2/P4/P7,,鼠/大鼠/兔至少两项剪影、明度或色相区别；不得仅换色,
grannor'vin,,missing-candidate,variant,paired-scene,native-resolve-before-generation,game/modules/tome/data/general/npcs/horror-corrupted.lua,217,ca0ef6bf11db645523f2ad3e884171226b2b181407e804ca981d4c2ea26d7dae,,2,no,,maze:COLLAPSED,P8,,小型人形／巨臂／领队、翼形与长蛞蝓分组；暗体保留大面轮廓光,原生解析后确定生成／显示资格；不按导入或最低等级推算遭遇概率
grannor'vor,,missing-candidate,variant,paired-scene,native-resolve-before-generation,game/modules/tome/data/general/npcs/horror-corrupted.lua,189,ca0ef6bf11db645523f2ad3e884171226b2b181407e804ca981d4c2ea26d7dae,,2,no,,maze:COLLAPSED,P8,,小型人形／巨臂／领队、翼形与长蛞蝓分组；暗体保留大面轮廓光,原生解析后确定生成／显示资格；不按导入或最低等级推算遭遇概率
great wolf,great-wolf,mapped,existing-outside-old-plan,already-covered,reuse-current-art-check-each-context,,,,,,,,,,,reuse existing token,
greater faeros,,missing-candidate,variant,conditional-generation,generation-or-behavior-contract-first,game/modules/tome/data/general/npcs/faeros.lua,71,8828674803648a338924a957c0f76b0fbbf43c0259b2c7a412a7f2ddfb9cfb42,,25,no,,daikara:VOLCANO,P9,,三档火元素的核心与外形不同；发光不侵占阵营和生命环,原生解析后确定生成／显示资格；不按导入或最低等级推算遭遇概率
greater shivgoroth,,missing-candidate,variant,paired-scene,render-contract-first,game/modules/tome/data/general/npcs/shivgoroth.lua,72,9543c07c1c22d99f4ace1868e113bc613bc1d76fe8aa22e490de0953568207f5,,12,yes,,norgos-lair:INVADED,P3,,三档冰体的臂长／晶冠／躯干比例不同；不用敌我蓝环或护盾白环承担身份,Norgos INVADED回调：level_range[1]与start_level减9；声明下限12→3；普通高图接入前置
green jelly,,missing-candidate,baseline,baseline-plan,native-resolve-before-generation,game/modules/tome/data/general/npcs/jelly.lua,57,c7a34e6664120069a9ca1b1623e33efeddd8b6c8c9a349ab5084c285818416f4,,1,no,,,P8,,高拱圆胶体；与同色ooze高度轮廓区别,
green mold,,missing-candidate,baseline,baseline-plan,native-resolve-before-generation,game/modules/tome/data/general/npcs/molds.lua,88,0b40d03a904bb0f4a569904a2207a53eb7a40c09b4bd1f410b0d90c2327595ef,,5,no,,,P1,,高低错落的菌囊；绿色不能承担全部识别,
green ooze,,missing-candidate,baseline,baseline-plan,native-resolve-before-generation,game/modules/tome/data/general/npcs/ooze.lua,56,ef04b41db75c4e564fe3386ffe772f5bc3346fa323de2b6f62bc2f02eaafe8e6,,1,no,,,P8,,低矮不规则铺展；受击复制独立显示,
green worm mass,,missing-candidate,baseline,baseline-plan,native-resolve-before-generation,game/modules/tome/data/general/npcs/vermin.lua,57,00356bcc7f67dd0171daaad2d5f394550aeb64e2d02099127e93709ff74c3c8e,,2,no,,,P2/P4/P7,,长短混合弯体与开放暗缝；不用白虫整体改色,
grey mold,grey-mold,mapped,baseline,baseline-plan,reuse-current-art-check-each-context,game/modules/tome/data/general/npcs/molds.lua,47,0b40d03a904bb0f4a569904a2207a53eb7a40c09b4bd1f410b0d90c2327595ef,,1,no,,,P1,,低矮分叶菌落；圆底演员与地面装饰区分,
grizzly bear,,missing-candidate,room-gap,conditional-room,generation-or-behavior-contract-first,game/modules/tome/data/general/npcs/bear.lua,95,cc10a3e47f431d040b6cf2ff1a7a9ac3e0e9e82e044fc119a1e6dd5f5d52df63,,10,yes,,old-forest:CRYSTALINE;old-forest:DEFAULT;trollmire:DEFAULT;trollmire:FLOODED,room-owner-phase,honey_glade,先解析房间条件和最终显示；不是仅按声明最低等级决定出图,
honey tree,,missing-candidate,room-gap,conditional-room,generation-or-behavior-contract-first,game/modules/tome/data/general/npcs/plant.lua,91,5f6a594f8dd91919aabb24b89c84b047d234cd92863b449349f03c9576b6658a,,10,no,,old-forest:CRYSTALINE;old-forest:DEFAULT;trollmire:DEFAULT;trollmire:FLOODED,room-owner-phase,honey_glade;forest-ruined-building2,先解析房间条件和最终显示；不是仅按声明最低等级决定出图,
hornet swarm,hornet-swarm,mapped,existing-outside-old-plan,already-covered,reuse-current-art-check-each-context,,,,,,,,,,,reuse existing token,
huge sandworm burrower,,missing-candidate,baseline;variant,paired-scene,render-contract-first,game/modules/tome/data/zones/sandworm-lair/npcs.lua,59,944fad4800a0c7181abbbf5a61a021223f4803340a0c1b5c7cb74f208daaf418,SANDWORM_TUNNELER_HUGE,12,yes,,sandworm-lair:BIGWORM,P10,,复用原M5计划；首层巨大掘洞虫2×2显示不等于四格碰撞,原生解析后确定生成／显示资格；不按导入或最低等级推算遭遇概率
ice wyrm,,missing-candidate,variant,conditional-generation,generation-or-behavior-contract-first,game/modules/tome/data/general/npcs/cold-drake.lua,90,60153bdad6955f2773d8db30457e717c480cf794e7d0793ff027a994dcb0bff4,,25,yes,,daikara:DEFAULT,P9,,与火龙成对设计；幼体不等于成年缩小,原生解析后确定生成／显示资格；不按导入或最低等级推算遭遇概率
ink squid,,missing-candidate,variant,excluded-local-import,generation-or-behavior-contract-first,game/modules/tome/data/general/npcs/aquatic_critter.lua,100,3df4ea93796566f6da4347a22cd2d2eb3bedc394ca8206289d91a2440a30d354,,1,no,,trollmire:FLOODED,P2,,鳗鱼姿态与龟壳剪影；电鳗不能只靠电光区分；高阶龟保留高图验证,Trollmire水生导入明确清除squid的rarity；不计本变体新增目标；all.lua高等级补充不在本断言内
king cobra,king-cobra,mapped,existing-outside-old-plan,already-covered,reuse-current-art-check-each-context,,,,,,,,,,,reuse existing token,
large brown snake,brown-snake,mapped,existing-outside-old-plan,already-covered,reuse-current-art-check-each-context,,,,,,,,,,,reuse existing token,
large white snake,white-snake,mapped,existing-outside-old-plan,already-covered,reuse-current-art-check-each-context,,,,,,,,,,,reuse existing token,
mean looking elven guard,,missing-candidate,baseline,baseline-plan,native-resolve-before-generation,game/modules/tome/data/general/npcs/elven-warrior.lua,68,28a4a2cc0c50f66f1e2b74bba82895adb490a9a9f4880eb86b195b545a5ee3a1,,3,no,,,P6,,更低压身盾姿及分离的明暗护甲块,
midge swarm,midge-swarm,mapped,existing-outside-old-plan,already-covered,reuse-current-art-check-each-context,,,,,,,,,,,reuse existing token,
minotaur,,missing-candidate,baseline,baseline-plan,render-contract-first,game/modules/tome/data/general/npcs/minotaur.lua,58,34691f4bede79d93c97cbbef130e56c7c4f8a821f7a64fe53134bcf63aa032c0,,10,yes,,,P8,,横向双角与斧；普通高图精确白名单,
multi-hued crystal,,missing-candidate,variant,paired-scene,render-contract-first,game/modules/tome/data/general/npcs/crystal.lua,153,d6cdbfe8d69dc00a9167ec1c348469f915103835ee7485534f8e0086982decc2,,10,no,quad_hue,scintillating-caves:DEFAULT;scintillating-caves:TWISTED;old-forest:CRYSTALINE,P5/P7,,主晶柱构型和宽面明度区分；高阶quad_hue及wisp召唤另层验收,原生解析后确定生成／显示资格；不按导入或最低等级推算遭遇概率
poison ivy,,missing-candidate,baseline,baseline-plan,native-resolve-before-generation,game/modules/tome/data/general/npcs/plant.lua,76,5f6a594f8dd91919aabb24b89c84b047d234cd92863b449349f03c9576b6658a,,3,no,,,P2/P4/P7,,抬起卷藤和掌状叶；有底盘的演员不能似花地,
rattlesnake,rattlesnake,mapped,existing-outside-old-plan,already-covered,reuse-current-art-check-each-context,,,,,,,,,,,reuse existing token,
red crystal,,missing-candidate,baseline;variant,paired-scene,native-resolve-before-generation,game/modules/tome/data/general/npcs/crystal.lua,97,d6cdbfe8d69dc00a9167ec1c348469f915103835ee7485534f8e0086982decc2,,1,no,,scintillating-caves:DEFAULT;scintillating-caves:TWISTED;old-forest:CRYSTALINE,P5/P7,,主晶柱构型和宽面明度区分；高阶quad_hue及wisp召唤另层验收,原生解析后确定生成／显示资格；不按导入或最低等级推算遭遇概率
rogue,rogue,mapped,baseline;variant,paired-scene,reuse-current-art-check-each-context,game/modules/tome/data/general/npcs/thieve.lua,73,8393018abde8c44ae92e002665ce0dfccddab30a3263e64f2cff61b6a159fcff,,2,no,,ruins-kor-pul:HIDEOUT;maze:DEFAULT;maze:COLLAPSED,P1/P8,,姿态／武器布局区分，保留真实潜行；固定职业造型，不实施换装,原生解析后确定生成／显示资格；不按导入或最低等级推算遭遇概率
rogue sapper,,missing-candidate,variant,paired-scene,native-resolve-before-generation,game/modules/tome/data/general/npcs/thieve.lua,191,8393018abde8c44ae92e002665ce0dfccddab30a3263e64f2cff61b6a159fcff,THIEF_SAPPER,12,no,,ruins-kor-pul:HIDEOUT;maze:DEFAULT;maze:COLLAPSED,P1/P8,,姿态／武器布局区分，保留真实潜行；固定职业造型，不实施换装,原生解析后确定生成／显示资格；不按导入或最低等级推算遭遇概率
sandworm,,missing-candidate,baseline,baseline-plan,native-resolve-before-generation,game/modules/tome/data/general/npcs/sandworm.lua,52,d3b650d818aa36a5560a366bb100fc2c4a1895b0d64e39930571b7af78d612d2,,,no,,,P10,,弯身露头；与白色多虫团不是同类剪影,
sandworm burrower,,missing-candidate,baseline;variant,paired-scene,native-resolve-before-generation,game/modules/tome/data/zones/sandworm-lair/npcs.lua,34,944fad4800a0c7181abbbf5a61a021223f4803340a0c1b5c7cb74f208daaf418,SANDWORM_TUNNELER,12,no,,sandworm-lair:DEFAULT;sandworm-lair:BIGWORM,P10,,复用原M5计划；普通引路掘洞虫与坍塌时序,原生解析后确定生成／显示资格；不按导入或最低等级推算遭遇概率
sandworm destroyer,,missing-candidate,baseline,baseline-plan,native-resolve-before-generation,game/modules/tome/data/general/npcs/sandworm.lua,58,d3b650d818aa36a5560a366bb100fc2c4a1895b0d64e39930571b7af78d612d2,,,no,,,P10,,粗大张口与高抬前段；保留实际原生体征,
shadow,,missing-candidate,variant,summoned-actor,generation-or-behavior-contract-first,game/modules/tome/data/talents/cursed/shadows.lua,185,afba9045c77c2fd6c8873ba0b48d49ccf697df0bf405f25994a43843fed9fed5,,dynamic,no,,heart-gloom:DEFAULT,P4,,虚影保留通透及外形，不画成被动阴影；消失、重生与受击需要实机验证,Withering Thing的Call Shadows动态NPC；记录技能来源和召唤者，保留消失／重生／死亡行为
shadowblade,,missing-candidate,variant,paired-scene,native-resolve-before-generation,game/modules/tome/data/general/npcs/thieve.lua,163,8393018abde8c44ae92e002665ce0dfccddab30a3263e64f2cff61b6a159fcff,THIEF_ASSASSIN,14,no,,ruins-kor-pul:HIDEOUT;maze:DEFAULT;maze:COLLAPSED,P1/P8,,姿态／武器布局区分，保留真实潜行；固定职业造型，不实施换装,原生解析后确定生成／显示资格；不按导入或最低等级推算遭遇概率
shimmering crystal,,missing-candidate,variant,paired-scene,render-contract-first,game/modules/tome/data/general/npcs/crystal.lua,168,d6cdbfe8d69dc00a9167ec1c348469f915103835ee7485534f8e0086982decc2,,10,no,quad_hue,scintillating-caves:DEFAULT;scintillating-caves:TWISTED;old-forest:CRYSTALINE,P5/P7,,主晶柱构型和宽面明度区分；高阶quad_hue及wisp召唤另层验收,原生解析后确定生成／显示资格；不按导入或最低等级推算遭遇概率
shining mold,,missing-candidate,baseline,baseline-plan,native-resolve-before-generation,game/modules/tome/data/general/npcs/molds.lua,73,0b40d03a904bb0f4a569904a2207a53eb7a40c09b4bd1f410b0d90c2327595ef,,3,no,,,P1,,疏朗亮菌冠；不以外溢光环冒充护盾,
shivgoroth,,missing-candidate,variant,paired-scene,render-contract-first,game/modules/tome/data/general/npcs/shivgoroth.lua,57,9543c07c1c22d99f4ace1868e113bc613bc1d76fe8aa22e490de0953568207f5,,10,yes,,norgos-lair:INVADED,P3,,三档冰体的臂长／晶冠／躯干比例不同；不用敌我蓝环或护盾白环承担身份,Norgos INVADED回调：level_range[1]与start_level减9；声明下限10→1；普通高图接入前置
skeleton archer,,missing-candidate,room-gap,conditional-room,generation-or-behavior-contract-first,game/modules/tome/data/general/npcs/skeleton.lua,115,7f37a3efc49aea34511eadd7387b5b15e7e3b783bc485dfcaaceffca5f5fd2f4,,9,no,,rhaloren-camp:DEFAULT;rhaloren-camp:OVERGROUND;ruins-kor-pul:DEFAULT;ruins-kor-pul:HIDEOUT;scintillating-caves:TWISTED,room-owner-phase,amon-sul-crypt;skeleton-mage-cabal,先解析房间条件和最终显示；不是仅按声明最低等级决定出图,
skeleton mage,skeleton-mage,mapped,baseline,baseline-plan,reuse-current-art-check-each-context,game/modules/tome/data/general/npcs/skeleton.lua,83,7f37a3efc49aea34511eadd7387b5b15e7e3b783bc485dfcaaceffca5f5fd2f4,,5,no,,,P1,,骨白头与暗布；竖杖和侧伸施法手,
skeleton magus,,missing-candidate,room-gap,conditional-room,generation-or-behavior-contract-first,game/modules/tome/data/general/npcs/skeleton.lua,129,7f37a3efc49aea34511eadd7387b5b15e7e3b783bc485dfcaaceffca5f5fd2f4,,11,no,,rhaloren-camp:DEFAULT;rhaloren-camp:OVERGROUND;ruins-kor-pul:DEFAULT;ruins-kor-pul:HIDEOUT;scintillating-caves:TWISTED,room-owner-phase,amon-sul-crypt,先解析房间条件和最终显示；不是仅按声明最低等级决定出图,
skeleton master archer,,missing-candidate,room-gap,conditional-room,generation-or-behavior-contract-first,game/modules/tome/data/general/npcs/skeleton.lua,176,7f37a3efc49aea34511eadd7387b5b15e7e3b783bc485dfcaaceffca5f5fd2f4,,15,no,,rhaloren-camp:DEFAULT;rhaloren-camp:OVERGROUND;ruins-kor-pul:DEFAULT;ruins-kor-pul:HIDEOUT;scintillating-caves:TWISTED,room-owner-phase,amon-sul-crypt,先解析房间条件和最终显示；不是仅按声明最低等级决定出图,
skeleton warrior,,missing-candidate,baseline,baseline-plan,native-resolve-before-generation,game/modules/tome/data/general/npcs/skeleton.lua,103,7f37a3efc49aea34511eadd7387b5b15e7e3b783bc485dfcaaceffca5f5fd2f4,,7,no,,,P1,,更完整的双臂骨架；直立持剑与残缺战士区分,
snow cat,,missing-candidate,room-gap,conditional-room,generation-or-behavior-contract-first,game/modules/tome/data/general/npcs/feline.lua,41,dea8cdb4378ddf062570cff9d7d44a78fd0f75e9ad5fbdc3e7d8779cb000e8d9,,3,yes,,ruins-kor-pul:DEFAULT;ruins-kor-pul:HIDEOUT;scintillating-caves:TWISTED;trollmire:DEFAULT;trollmire:FLOODED,room-owner-phase,snake-pit,先解析房间条件和最终显示；不是仅按声明最低等级决定出图,
snow giant,,missing-candidate,baseline,baseline-plan,render-contract-first,game/modules/tome/data/general/npcs/snow-giant.lua,52,0d1acc9131e7c4691f3c5213bbf33b8f5c13bb2c1e9de93c53dfd10cac6eb042,,10,yes,,,P9,,宽身近战姿态；雪地上保持躯干边界,
snow giant boulder thrower,,missing-candidate,baseline,baseline-plan,render-contract-first,game/modules/tome/data/general/npcs/snow-giant.lua,77,0d1acc9131e7c4691f3c5213bbf33b8f5c13bb2c1e9de93c53dfd10cac6eb042,,15,yes,,,P9,,高举单块巨石；全轮廓留在约定显示范围,
snow giant chieftain,,missing-candidate,room-gap,conditional-room,generation-or-behavior-contract-first,game/modules/tome/data/general/npcs/snow-giant.lua,89,0d1acc9131e7c4691f3c5213bbf33b8f5c13bb2c1e9de93c53dfd10cac6eb042,,15,yes,,daikara:DEFAULT;daikara:VOLCANO,room-owner-phase,snow-giant-camp,先解析房间条件和最终显示；不是仅按声明最低等级决定出图,
snow giant thunderer,,missing-candidate,baseline,baseline-plan,render-contract-first,game/modules/tome/data/general/npcs/snow-giant.lua,64,0d1acc9131e7c4691f3c5213bbf33b8f5c13bb2c1e9de93c53dfd10cac6eb042,,14,yes,,,P9,,开臂施法与道具方向；不烘焙闪电状态,
squid,,missing-candidate,variant,excluded-local-import,generation-or-behavior-contract-first,game/modules/tome/data/general/npcs/aquatic_critter.lua,91,3df4ea93796566f6da4347a22cd2d2eb3bedc394ca8206289d91a2440a30d354,,1,no,,trollmire:FLOODED,P2,,鳗鱼姿态与龟壳剪影；电鳗不能只靠电光区分；高阶龟保留高图验证,Trollmire水生导入明确清除squid的rarity；不计本变体新增目标；all.lua高等级补充不在本断言内
stone troll,stone-troll,mapped,existing-outside-old-plan,already-covered,reuse-current-art-check-each-context,,,,,,,,,,,reuse existing token,
temporal stalker,,missing-candidate,variant,conditional-generation,generation-or-behavior-contract-first,game/modules/tome/data/general/npcs/horror_temporal.lua,132,36c607d2da3de37f3a899a61091b4b0a748cc5d2d8e3c78c518e69c207e34403,,20,yes,,maze:COLLAPSED,P8,,幼体／成体／队长与爬行／虚空轮廓分开；高阶先确认实际生成条件,原生解析后确定生成／显示资格；不按导入或最低等级推算遭遇概率
thief,thief,mapped,baseline;variant,paired-scene,reuse-current-art-check-each-context,game/modules/tome/data/general/npcs/thieve.lua,83,8393018abde8c44ae92e002665ce0dfccddab30a3263e64f2cff61b6a159fcff,,3,no,,ruins-kor-pul:HIDEOUT;maze:DEFAULT;maze:COLLAPSED,P1/P8,,姿态／武器布局区分，保留真实潜行；固定职业造型，不实施换装,原生解析后确定生成／显示资格；不按导入或最低等级推算遭遇概率
treant,,missing-candidate,room-gap,conditional-room,generation-or-behavior-contract-first,game/modules/tome/data/general/npcs/plant.lua,58,5f6a594f8dd91919aabb24b89c84b047d234cd92863b449349f03c9576b6658a,,12,yes,,old-forest:CRYSTALINE;old-forest:DEFAULT,room-owner-phase,plantlife,先解析房间条件和最终显示；不是仅按声明最低等级决定出图,
ultimate faeros,,missing-candidate,variant,conditional-generation,generation-or-behavior-contract-first,game/modules/tome/data/general/npcs/faeros.lua,87,8828674803648a338924a957c0f76b0fbbf43c0259b2c7a412a7f2ddfb9cfb42,,35,yes,,daikara:VOLCANO,P9,,三档火元素的核心与外形不同；发光不侵占阵营和生命环,原生解析后确定生成／显示资格；不按导入或最低等级推算遭遇概率
ultimate shivgoroth,,missing-candidate,variant,paired-scene,render-contract-first,game/modules/tome/data/general/npcs/shivgoroth.lua,89,9543c07c1c22d99f4ace1868e113bc613bc1d76fe8aa22e490de0953568207f5,,15,yes,,norgos-lair:INVADED,P3,,三档冰体的臂长／晶冠／躯干比例不同；不用敌我蓝环或护盾白环承担身份,Norgos INVADED回调：level_range[1]与start_level减9；声明下限15→6；普通高图接入前置
umber hulk,,missing-candidate,variant,paired-scene,native-resolve-before-generation,game/modules/tome/data/general/npcs/xorn.lua,60,9157ba56ba268a92785c4afa8c26d68d68fa8944837358b19467b4681b49e837,,10,no,,daikara:DEFAULT;daikara:VOLCANO,P9,,两版共用；多肢／甲壳与地面岩石区分；特殊合体事件另验收,原生解析后确定生成／显示资格；不按导入或最低等级推算遭遇概率
void horror,,missing-candidate,variant,conditional-generation,generation-or-behavior-contract-first,game/modules/tome/data/general/npcs/horror_temporal.lua,162,36c607d2da3de37f3a899a61091b4b0a748cc5d2d8e3c78c518e69c207e34403,,20,no,,maze:COLLAPSED,P8,,幼体／成体／队长与爬行／虚空轮廓分开；高阶先确认实际生成条件,原生解析后确定生成／显示资格；不按导入或最低等级推算遭遇概率
warg,warg,mapped,existing-outside-old-plan,already-covered,reuse-current-art-check-each-context,,,,,,,,,,,reuse existing token,
water imp,,missing-candidate,room-gap,conditional-room,generation-or-behavior-contract-first,game/modules/tome/data/general/npcs/aquatic_demon.lua,45,2b7754a1711fe04773986f591a740d3a78a99dc2937675849c5ae5a7484bd750,,10,no,,trollmire:DEFAULT;trollmire:FLOODED,room-owner-phase,forest-ruined-building2,先解析房间条件和最终显示；不是仅按声明最低等级决定出图,
white crystal,,missing-candidate,baseline;variant,paired-scene,native-resolve-before-generation,game/modules/tome/data/general/npcs/crystal.lua,109,d6cdbfe8d69dc00a9167ec1c348469f915103835ee7485534f8e0086982decc2,,1,no,,scintillating-caves:DEFAULT;scintillating-caves:TWISTED;old-forest:CRYSTALINE,P5/P7,,主晶柱构型和宽面明度区分；高阶quad_hue及wisp召唤另层验收,原生解析后确定生成／显示资格；不按导入或最低等级推算遭遇概率
white wolf,white-wolf,mapped,existing-outside-old-plan,already-covered,reuse-current-art-check-each-context,,,,,,,,,,,reuse existing token,
white worm mass,white-worm-mass,mapped,existing-outside-old-plan,already-covered,reuse-current-art-check-each-context,,,,,,,,,,,reuse existing token,
wisp,,missing-candidate,variant,summoned-actor,generation-or-behavior-contract-first,game/modules/tome/data/general/npcs/crystal.lua,61,d6cdbfe8d69dc00a9167ec1c348469f915103835ee7485534f8e0086982decc2,,1,no,,scintillating-caves:DEFAULT;scintillating-caves:TWISTED;old-forest:CRYSTALINE,P5/P7,,主晶柱构型和宽面明度区分；高阶quad_hue及wisp召唤另层验收,rarity=false；shimmering crystal通过rarity_summoned_crystal召唤，不能因非随机掉表漏掉
wolf,wolf,mapped,existing-outside-old-plan,already-covered,reuse-current-art-check-each-context,,,,,,,,,,,reuse existing token,
worm that walks,,missing-candidate,room-gap,conditional-room,generation-or-behavior-contract-first,game/modules/tome/data/general/npcs/horror.lua,47,59fb5c3d04db48cfa87a1b3fd51565c915a8a8573b5e72459177694a8541e77c,,25,no,,old-forest:CRYSTALINE;old-forest:DEFAULT,room-owner-phase,worms,先解析房间条件和最终显示；不是仅按声明最低等级决定出图,
xaren,,missing-candidate,variant,paired-scene,native-resolve-before-generation,game/modules/tome/data/general/npcs/xorn.lua,82,9157ba56ba268a92785c4afa8c26d68d68fa8944837358b19467b4681b49e837,,15,no,,daikara:DEFAULT;daikara:VOLCANO,P9,,两版共用；多肢／甲壳与地面岩石区分；特殊合体事件另验收,原生解析后确定生成／显示资格；不按导入或最低等级推算遭遇概率
xorn,,missing-candidate,variant,paired-scene,native-resolve-before-generation,game/modules/tome/data/general/npcs/xorn.lua,71,9157ba56ba268a92785c4afa8c26d68d68fa8944837358b19467b4681b49e837,,15,no,,daikara:DEFAULT;daikara:VOLCANO,P9,,两版共用；多肢／甲壳与地面岩石区分；特殊合体事件另验收,原生解析后确定生成／显示资格；不按导入或最低等级推算遭遇概率
