phase,family,name,define_as,type,subtype,unique,rank,level_range,image_in_definition,default_image,nicer_display_image,nice_tile,display_h,display_y,pixel_width,pixel_height,asset_found,default_pool,flooded_pool,source,source_line,notes
P1_five_masters,troll,forest troll,,giant,troll,false,2,"1, nil",npc/troll_f.png,npc/troll_f.png,npc/troll_f.png,false,1,0,64,64,true,direct,direct,game/modules/tome/data/general/npcs/troll.lua,54,
P2_family_variants,troll,stone troll,,giant,troll,false,2,"3, nil",npc/troll_s.png,npc/troll_s.png,npc/troll_s.png,false,1,0,64,64,true,direct,direct,game/modules/tome/data/general/npcs/troll.lua,64,
P2_family_variants,troll,cave troll,,giant,troll,false,2,"7, nil",npc/troll_c.png,npc/troll_c.png,npc/troll_c.png,false,1,0,64,64,true,direct,direct,game/modules/tome/data/general/npcs/troll.lua,74,
P3_later_family_extension,troll,mountain troll,,giant,troll,false,2,"12, nil",npc/troll_m.png,npc/troll_m.png,npc/troll_m.png,false,1,0,64,64,true,direct,direct,game/modules/tome/data/general/npcs/troll.lua,84,
P3_later_family_extension,troll,mountain troll thunderer,,giant,troll,false,3,"20, nil",npc/troll_mt.png,npc/troll_mt.png,npc/troll_mt.png,false,1,0,64,64,true,direct,direct,game/modules/tome/data/general/npcs/troll.lua,94,
P3_later_family_extension,troll,patchwork troll,,giant,troll,false,3,"38, nil",,npc/giant_troll_patchwork_troll.png,npc/giant_troll_patchwork_troll.png,true,2,-1,64,128,true,direct,direct,game/modules/tome/data/general/npcs/troll.lua,114,按NPC.lua:33默认命名规则推导；未运行实体实例化。
P2_unique_separate_master,troll,Forest Troll Hedge-Wizard,,giant,troll,true,3.5,"3, nil",,npc/giant_troll_forest_troll_hedge_wizard.png,npc/giant_troll_forest_troll_hedge_wizard.png,true,2,-1,64,128,true,direct,direct,game/modules/tome/data/general/npcs/troll.lua,145,按NPC.lua:33默认命名规则推导；未运行实体实例化。
P1_five_masters,canine,wolf,,animal,canine,false,1,"1, nil",npc/canine_w.png,npc/canine_w.png,npc/canine_w.png,false,1,0,64,64,true,direct,all_lua_fallback,game/modules/tome/data/general/npcs/canine.lua,47,
P2_family_variants,canine,great wolf,,animal,canine,false,1,"3, nil",npc/canine_gw.png,npc/canine_gw.png,npc/canine_gw.png,false,1,0,64,64,true,direct,all_lua_fallback,game/modules/tome/data/general/npcs/canine.lua,60,
P2_family_variants,canine,dire wolf,,animal,canine,false,1,"4, nil",npc/canine_dw.png,npc/canine_dw.png,npc/canine_dw.png,false,1,0,64,64,true,direct,all_lua_fallback,game/modules/tome/data/general/npcs/canine.lua,74,
P2_family_variants,canine,white wolf,,animal,canine,false,1,"4, nil",npc/canine_ww.png,npc/canine_ww.png,npc/canine_ww.png,false,1,0,64,64,true,direct,all_lua_fallback,game/modules/tome/data/general/npcs/canine.lua,89,
P2_family_variants,canine,warg,,animal,canine,false,1,"6, nil",npc/canine_warg.png,npc/canine_warg.png,npc/canine_warg.png,false,1,0,64,64,true,direct,all_lua_fallback,game/modules/tome/data/general/npcs/canine.lua,107,
P2_family_variants,canine,fox,,animal,canine,false,1,"1, nil",npc/canine_fox.png,npc/canine_fox.png,npc/canine_fox.png,false,1,0,64,64,true,direct,all_lua_fallback,game/modules/tome/data/general/npcs/canine.lua,127,
P3_later_family_extension,canine,Rungof the Warg Titan,,animal,canine,true,3.5,"20, nil",npc/canine_rungof.png,npc/canine_rungof.png,npc/canine_rungof.png,false,1,0,64,64,true,direct,all_lua_fallback,game/modules/tome/data/general/npcs/canine.lua,144,
P1_five_masters,bear,brown bear,,animal,bear,false,2,"5, nil",npc/brown_bear.png,npc/brown_bear.png,npc/brown_bear.png,false,1,0,64,64,true,direct,direct,game/modules/tome/data/general/npcs/bear.lua,52,
P2_family_variants,bear,black bear,,animal,bear,false,2,"6, nil",npc/black_bear.png,npc/black_bear.png,npc/black_bear.png,false,1,0,64,64,true,direct,direct,game/modules/tome/data/general/npcs/bear.lua,62,
P2_family_variants,bear,cave bear,,animal,bear,false,2,"7, nil",npc/cave_bear.png,npc/cave_bear.png,npc/cave_bear.png,false,1,0,64,64,true,direct,direct,game/modules/tome/data/general/npcs/bear.lua,72,
P2_family_variants,bear,war bear,,animal,bear,false,2,"7, nil",npc/war_bear.png,npc/war_bear.png,npc/war_bear.png,false,1,0,64,64,true,direct,direct,game/modules/tome/data/general/npcs/bear.lua,83,
P3_later_family_extension,bear,grizzly bear,,animal,bear,false,2,"10, nil",npc/grizzly_bear.png,npc/grizzly_bear.png,npc/grizzly_bear.png,true,2,-1,64,128,true,direct,direct,game/modules/tome/data/general/npcs/bear.lua,94,
P3_later_family_extension,bear,polar bear,,animal,bear,false,2,"12, nil",npc/polar_bear.png,npc/polar_bear.png,npc/polar_bear.png,false,1,0,64,64,true,direct,direct,game/modules/tome/data/general/npcs/bear.lua,106,
P1_five_masters,snake,large brown snake,,animal,snake,false,2,"1, nil",npc/umber-snake.png,npc/umber-snake.png,npc/umber-snake.png,false,1,0,64,64,true,direct,direct,game/modules/tome/data/general/npcs/snake.lua,46,
P2_family_variants,snake,large white snake,,animal,snake,false,2,"1, nil",npc/white-snake.png,npc/white-snake.png,npc/white-snake.png,false,1,0,64,64,true,direct,direct,game/modules/tome/data/general/npcs/snake.lua,56,
P2_family_variants,snake,copperhead snake,,animal,snake,false,2,"2, nil",npc/salmon-snake.png,npc/salmon-snake.png,npc/salmon-snake.png,false,1,0,64,64,true,direct,direct,game/modules/tome/data/general/npcs/snake.lua,66,
P2_family_variants,snake,rattlesnake,,animal,snake,false,2,"4, nil",npc/firebrick-snake.png,npc/firebrick-snake.png,npc/firebrick-snake.png,false,1,0,64,64,true,direct,direct,game/modules/tome/data/general/npcs/snake.lua,78,
P2_family_variants,snake,king cobra,,animal,snake,false,2,"5, nil",npc/green-snake.png,npc/green-snake.png,npc/green-snake.png,false,1,0,64,64,true,direct,direct,game/modules/tome/data/general/npcs/snake.lua,90,
P3_later_family_extension,snake,black mamba,,animal,snake,false,2,"15, nil",npc/darkgrey-snake.png,npc/darkgrey-snake.png,npc/darkgrey-snake.png,false,1,0,64,64,true,direct,direct,game/modules/tome/data/general/npcs/snake.lua,102,
P3_later_family_extension,snake,anaconda,,animal,snake,false,3,"20, nil",npc/yellow-green-snake.png,npc/yellow-green-snake.png,npc/yellow-green-snake.png,false,1,0,64,64,true,direct,direct,game/modules/tome/data/general/npcs/snake.lua,115,
P1_five_masters,plant,giant venus flytrap,,immovable,plants,false,1,"7, 17",,npc/immovable_plants_giant_venus_flytrap.png,npc/immovable_plants_giant_venus_flytrap.png,false,1,0,64,64,true,direct,direct,game/modules/tome/data/general/npcs/plant.lua,44,按NPC.lua:33默认命名规则推导；未运行实体实例化。
P3_later_family_extension,plant,treant,,immovable,plants,false,2,"12, nil",,npc/immovable_plants_treant.png,npc/immovable_plants_treant.png,true,2,-1,64,128,true,direct,direct,game/modules/tome/data/general/npcs/plant.lua,57,按NPC.lua:33默认命名规则推导；未运行实体实例化。
P2_family_variants,plant,poison ivy,,immovable,plants,false,1,"3, 25",,npc/immovable_plants_poison_ivy.png,npc/immovable_plants_poison_ivy.png,false,1,0,64,64,true,direct,direct,game/modules/tome/data/general/npcs/plant.lua,75,按NPC.lua:33默认命名规则推导；未运行实体实例化。
P3_later_family_extension,plant,honey tree,,immovable,plants,false,2,"10, 24",,npc/immovable_plants_honey_tree.png,npc/immovable_plants_honey_tree.png,false,1,0,64,64,true,direct,direct,game/modules/tome/data/general/npcs/plant.lua,90,按NPC.lua:33默认命名规则推导；未运行实体实例化。
P2_additional_silhouettes,rodent,giant white mouse,,vermin,rodent,false,1,"1, 3",,npc/vermin_rodent_giant_white_mouse.png,npc/vermin_rodent_giant_white_mouse.png,false,1,0,64,64,true,direct,all_lua_fallback,game/modules/tome/data/general/npcs/rodent.lua,43,按NPC.lua:33默认命名规则推导；未运行实体实例化。
P2_additional_silhouettes,rodent,giant brown mouse,,vermin,rodent,false,1,"1, 3",,npc/vermin_rodent_giant_brown_mouse.png,npc/vermin_rodent_giant_brown_mouse.png,false,1,0,64,64,true,direct,all_lua_fallback,game/modules/tome/data/general/npcs/rodent.lua,56,按NPC.lua:33默认命名规则推导；未运行实体实例化。
P2_additional_silhouettes,rodent,giant white rat,,vermin,rodent,false,1,"1, 4",,npc/vermin_rodent_giant_white_rat.png,npc/vermin_rodent_giant_white_rat.png,false,1,0,64,64,true,direct,all_lua_fallback,game/modules/tome/data/general/npcs/rodent.lua,69,按NPC.lua:33默认命名规则推导；未运行实体实例化。
P2_additional_silhouettes,rodent,giant brown rat,,vermin,rodent,false,1,"1, 4",,npc/vermin_rodent_giant_brown_rat.png,npc/vermin_rodent_giant_brown_rat.png,false,1,0,64,64,true,direct,all_lua_fallback,game/modules/tome/data/general/npcs/rodent.lua,81,按NPC.lua:33默认命名规则推导；未运行实体实例化。
P2_additional_silhouettes,rodent,giant rabbit,,vermin,rodent,false,1,"1, 4",,npc/vermin_rodent_giant_rabbit.png,npc/vermin_rodent_giant_rabbit.png,false,1,0,64,64,true,direct,all_lua_fallback,game/modules/tome/data/general/npcs/rodent.lua,93,按NPC.lua:33默认命名规则推导；未运行实体实例化。
P2_additional_silhouettes,rodent,giant crystal rat,,vermin,rodent,false,1,"1, 5",,npc/vermin_rodent_giant_crystal_rat.png,npc/vermin_rodent_giant_crystal_rat.png,false,1,0,64,64,true,direct,all_lua_fallback,game/modules/tome/data/general/npcs/rodent.lua,106,按NPC.lua:33默认命名规则推导；未运行实体实例化。
P2_additional_silhouettes,rodent,giant grey mouse,,vermin,rodent,false,1,"1, 3",,npc/vermin_rodent_giant_grey_mouse.png,npc/vermin_rodent_giant_grey_mouse.png,false,1,0,64,64,true,direct,all_lua_fallback,game/modules/tome/data/general/npcs/rodent.lua,120,按NPC.lua:33默认命名规则推导；未运行实体实例化。
P2_additional_silhouettes,rodent,giant grey rat,,vermin,rodent,false,1,"1, 4",,npc/vermin_rodent_giant_grey_rat.png,npc/vermin_rodent_giant_grey_rat.png,false,1,0,64,64,true,direct,all_lua_fallback,game/modules/tome/data/general/npcs/rodent.lua,131,按NPC.lua:33默认命名规则推导；未运行实体实例化。
P2_additional_silhouettes,vermin,white worm mass,,vermin,worms,false,1,"1, 15",,npc/vermin_worms_white_worm_mass.png,npc/vermin_worms_white_worm_mass.png,false,1,0,64,64,true,direct,direct,game/modules/tome/data/general/npcs/vermin.lua,46,按NPC.lua:33默认命名规则推导；未运行实体实例化。
P2_additional_silhouettes,vermin,green worm mass,,vermin,worms,false,1,"2, 15",,npc/vermin_worms_green_worm_mass.png,npc/vermin_worms_green_worm_mass.png,false,1,0,64,64,true,direct,direct,game/modules/tome/data/general/npcs/vermin.lua,56,按NPC.lua:33默认命名规则推导；未运行实体实例化。
P3_later_family_extension,vermin,carrion worm mass,CARRION_WORM_MASS,vermin,worms,false,1,"20, nil",,npc/vermin_worms_carrion_worm_mass.png,npc/vermin_worms_carrion_worm_mass.png,false,1,0,64,64,true,direct,direct,game/modules/tome/data/general/npcs/vermin.lua,67,按NPC.lua:33默认命名规则推导；未运行实体实例化。
P2_additional_silhouettes,swarm,midge swarm,,insect,swarms,false,1,"1, 25",npc/midge_swarm.png,npc/midge_swarm.png,npc/midge_swarm.png,false,1,0,64,64,true,direct,direct,game/modules/tome/data/general/npcs/swarm.lua,51,
P2_additional_silhouettes,swarm,bee swarm,,insect,swarms,false,1,"2, 25",npc/bee_swarm.png,npc/bee_swarm.png,npc/bee_swarm.png,false,1,0,64,64,true,direct,direct,game/modules/tome/data/general/npcs/swarm.lua,63,
P2_additional_silhouettes,swarm,hornet swarm,,insect,swarms,false,1,"3, 25",npc/hornet_swarm.png,npc/hornet_swarm.png,npc/hornet_swarm.png,false,1,0,64,64,true,direct,direct,game/modules/tome/data/general/npcs/swarm.lua,77,
P3_later_family_extension,swarm,hummerhorn,,insect,swarms,false,1,"16, nil",npc/hummerhorn.png,npc/hummerhorn.png,npc/hummerhorn.png,false,1,0,64,64,true,direct,direct,game/modules/tome/data/general/npcs/swarm.lua,94,
P2_flooded_aquatics,aquatic_critter,giant eel,,aquatic,critter,false,1,"1, nil",,npc/aquatic_critter_giant_eel.png,npc/aquatic_critter_giant_eel.png,false,1,0,64,64,true,not_direct,direct,game/modules/tome/data/general/npcs/aquatic_critter.lua,44,按NPC.lua:33默认命名规则推导；未运行实体实例化。
P2_flooded_aquatics,aquatic_critter,electric eel,,aquatic,critter,false,1,"1, nil",,npc/aquatic_critter_electric_eel.png,npc/aquatic_critter_electric_eel.png,false,1,0,64,64,true,not_direct,direct,game/modules/tome/data/general/npcs/aquatic_critter.lua,51,按NPC.lua:33默认命名规则推导；未运行实体实例化。
P2_flooded_aquatics,aquatic_critter,dragon turtle,,aquatic,critter,false,2,"1, nil",,npc/aquatic_critter_dragon_turtle.png,npc/aquatic_critter_dragon_turtle.png,false,1,0,64,64,true,not_direct,direct,game/modules/tome/data/general/npcs/aquatic_critter.lua,66,按NPC.lua:33默认命名规则推导；未运行实体实例化。
P3_later_family_extension,aquatic_critter,ancient dragon turtle,,aquatic,critter,false,3,"20, nil",,npc/aquatic_critter_ancient_dragon_turtle.png,npc/aquatic_critter_ancient_dragon_turtle.png,true,2,-1,64,128,true,not_direct,direct,game/modules/tome/data/general/npcs/aquatic_critter.lua,76,按NPC.lua:33默认命名规则推导；未运行实体实例化。
DEFER_not_direct_flooded_spawn,aquatic_critter,squid,,aquatic,critter,false,1,"1, nil",,npc/aquatic_critter_squid.png,npc/aquatic_critter_squid.png,false,1,0,64,64,true,not_direct,squid_rarity_removed,game/modules/tome/data/general/npcs/aquatic_critter.lua,90,按NPC.lua:33默认命名规则推导；未运行实体实例化。
DEFER_not_direct_flooded_spawn,aquatic_critter,ink squid,,aquatic,critter,false,1,"1, nil",,npc/aquatic_critter_ink_squid.png,npc/aquatic_critter_ink_squid.png,false,1,0,64,64,true,not_direct,squid_rarity_removed,game/modules/tome/data/general/npcs/aquatic_critter.lua,99,按NPC.lua:33默认命名规则推导；未运行实体实例化。
P2_unique_separate_master,trollmire_uniques,Prox the Mighty,TROLL_PROX,giant,troll,true,4,"7, nil",npc/giant_troll_prox_the_mighty.png,npc/giant_troll_prox_the_mighty.png,npc/giant_troll_prox_the_mighty.png,true,2,-1,64,128,true,guardian,not_flooded_guardian,game/modules/tome/data/zones/trollmire/npcs.lua,46,
P2_unique_separate_master,trollmire_uniques,Shax the Slimy,TROLL_SHAX,giant,troll,true,4,"7, nil",npc/giant_troll_prox_the_mighty.png,npc/giant_troll_prox_the_mighty.png,npc/giant_troll_shax_the_slimy.png,true,2,-1,64,128,true,not_default_guardian,guardian,game/modules/tome/data/zones/trollmire/npcs.lua,112,基础image为Prox；nice_tile.add_mos实际图为Shax。
P2_unique_separate_master,trollmire_uniques,Bill the Stone Troll,TROLL_BILL,giant,troll,true,4,"7, nil",npc/troll_bill.png,npc/troll_bill.png,npc/troll_bill.png,true,2,-1,64,128,true,treasure,treasure,game/modules/tome/data/zones/trollmire/npcs.lua,179,
DEFER_lategame_backup_guardian,trollmire_uniques,Aluin the Fallen,ALUIN,humanoid,human,true,4,"35, nil",,npc/humanoid_human_aluin_the_fallen.png,npc/humanoid_human_aluin_the_fallen.png,false,1,0,64,64,true,backup_guardian,backup_guardian,game/modules/tome/data/zones/trollmire/npcs.lua,223,35级后备守护者；自动图名存在64×64原图，后续单独制作，不属于本轮早期巨魔沼泽样本。
